x,y,z,aCB_mGal,std_dev
277538,-331696,0.01,5.84331437,0.1
277538,-325196,0.01,4.667480024,0.1
277538,-318696,0.01,5.872001496,0.1
277538,-312196,0.01,6.253425782,0.1
277538,-305696,0.01,5.560851289,0.1
277538,-299196,0.01,4.434911685,0.1
277538,-292696,0.01,4.040810637,0.1
277538,-286196,0.01,2.737380547,0.1
277538,-279696,0.01,-0.506979111,0.1
277538,-273196,0.01,-1.876830668,0.1
277538,-266696,0.01,-3.553092261,0.1
277538,-260196,0.01,-6.177577135,0.1
277538,-253696,0.01,-7.435091623,0.1
277538,-247196,0.01,-8.069485111,0.1
277538,-240696,0.01,-9.752307696,0.1
277538,-234196,0.01,-10.19155701,0.1
277538,-227696,0.01,-8.990460677,0.1
277538,-221196,0.01,-7.708070397,0.1
277538,-214696,0.01,-6.567677293,0.1
277538,-208196,0.01,-6.759740051,0.1
277538,-201696,0.01,-7.885161199,0.1
277538,-195196,0.01,-11.22163253,0.1
277538,-188696,0.01,-15.91990131,0.1
277538,-182196,0.01,-16.17794448,0.1
277538,-175696,0.01,-12.40259549,0.1
277538,-169196,0.01,-7.942253714,0.1
277538,-162696,0.01,-7.126415726,0.1
277538,-156196,0.01,-4.392067913,0.1
277538,-149696,0.01,-1.796548069,0.1
277538,-143196,0.01,-1.371655253,0.1
277538,-136696,0.01,1.361686341,0.1
277538,-130196,0.01,-1.672632835,0.1
277538,-123696,0.01,-1.530074706,0.1
277538,-117196,0.01,0.867606581,0.1
284038,-331696,0.01,6.52130797,0.1
284038,-325196,0.01,6.1767564,0.1
284038,-318696,0.01,4.468683952,0.1
284038,-312196,0.01,4.687977311,0.1
284038,-305696,0.01,3.434862414,0.1
284038,-299196,0.01,3.026847872,0.1
284038,-292696,0.01,4.765812088,0.1
284038,-286196,0.01,5.372609965,0.1
284038,-279696,0.01,1.604595273,0.1
284038,-273196,0.01,-2.587288879,0.1
284038,-266696,0.01,-3.091141479,0.1
284038,-260196,0.01,-4.976620266,0.1
284038,-253696,0.01,-6.243308989,0.1
284038,-247196,0.01,-8.399612688,0.1
284038,-240696,0.01,-10.94929462,0.1
284038,-234196,0.01,-11.52861148,0.1
284038,-227696,0.01,-10.77026791,0.1
284038,-221196,0.01,-9.939951936,0.1
284038,-214696,0.01,-9.660617065,0.1
284038,-208196,0.01,-11.02558765,0.1
284038,-201696,0.01,-12.02913906,0.1
284038,-195196,0.01,-16.667398,0.1
284038,-188696,0.01,-21.49404963,0.1
284038,-182196,0.01,-18.75521914,0.1
284038,-175696,0.01,-13.58719852,0.1
284038,-169196,0.01,-11.74819763,0.1
284038,-162696,0.01,-9.786324028,0.1
284038,-156196,0.01,-6.602874567,0.1
284038,-149696,0.01,-6.796811153,0.1
284038,-143196,0.01,-7.426834642,0.1
284038,-136696,0.01,-2.925782255,0.1
284038,-130196,0.01,1.254712424,0.1
284038,-123696,0.01,2.94089602,0.1
284038,-117196,0.01,4.704217135,0.1
290538,-331696,0.01,2.732283411,0.1
290538,-325196,0.01,3.398345513,0.1
290538,-318696,0.01,3.259564373,0.1
290538,-312196,0.01,4.507741328,0.1
290538,-305696,0.01,2.105574502,0.1
290538,-299196,0.01,1.438003768,0.1
290538,-292696,0.01,3.330353265,0.1
290538,-286196,0.01,3.337162151,0.1
290538,-279696,0.01,1.216528598,0.1
290538,-273196,0.01,-2.213505892,0.1
290538,-266696,0.01,-4.278774931,0.1
290538,-260196,0.01,-7.697501143,0.1
290538,-253696,0.01,-9.548711313,0.1
290538,-247196,0.01,-10.56499991,0.1
290538,-240696,0.01,-11.71798814,0.1
290538,-234196,0.01,-11.54314751,0.1
290538,-227696,0.01,-10.60376658,0.1
290538,-221196,0.01,-10.24068983,0.1
290538,-214696,0.01,-12.48990849,0.1
290538,-208196,0.01,-15.31354382,0.1
290538,-201696,0.01,-14.77891465,0.1
290538,-195196,0.01,-16.38778106,0.1
290538,-188696,0.01,-19.61939476,0.1
290538,-182196,0.01,-17.17182914,0.1
290538,-175696,0.01,-14.46957198,0.1
290538,-169196,0.01,-15.25626539,0.1
290538,-162696,0.01,-13.38515358,0.1
290538,-156196,0.01,-10.59643461,0.1
290538,-149696,0.01,-12.15145919,0.1
290538,-143196,0.01,-12.37090545,0.1
290538,-136696,0.01,-5.163125928,0.1
290538,-130196,0.01,0.824388975,0.1
290538,-123696,0.01,2.759667667,0.1
290538,-117196,0.01,6.175593823,0.1
297038,-331696,0.01,-2.534590078,0.1
297038,-325196,0.01,-2.733009156,0.1
297038,-318696,0.01,-0.648347828,0.1
297038,-312196,0.01,1.040004882,0.1
297038,-305696,0.01,-3.458432236,0.1
297038,-299196,0.01,-3.808801723,0.1
297038,-292696,0.01,0.11878165,0.1
297038,-286196,0.01,1.24152484,0.1
297038,-279696,0.01,-1.86560458,0.1
297038,-273196,0.01,-4.459181985,0.1
297038,-266696,0.01,-5.956207933,0.1
297038,-260196,0.01,-10.3691888,0.1
297038,-253696,0.01,-12.8818903,0.1
297038,-247196,0.01,-12.79285362,0.1
297038,-240696,0.01,-13.13805006,0.1
297038,-234196,0.01,-13.39621729,0.1
297038,-227696,0.01,-12.57337599,0.1
297038,-221196,0.01,-12.19909938,0.1
297038,-214696,0.01,-14.39095503,0.1
297038,-208196,0.01,-17.14099013,0.1
297038,-201696,0.01,-16.16541814,0.1
297038,-195196,0.01,-15.86582886,0.1
297038,-188696,0.01,-17.66296688,0.1
297038,-182196,0.01,-16.46740426,0.1
297038,-175696,0.01,-15.5560634,0.1
297038,-169196,0.01,-16.7964904,0.1
297038,-162696,0.01,-14.80042355,0.1
297038,-156196,0.01,-12.25491735,0.1
297038,-149696,0.01,-11.83541595,0.1
297038,-143196,0.01,-8.307142734,0.1
297038,-136696,0.01,-1.195890839,0.1
297038,-130196,0.01,2.029391843,0.1
297038,-123696,0.01,4.618278308,0.1
297038,-117196,0.01,7.576972615,0.1
303538,-331696,0.01,-2.572933055,0.1
303538,-325196,0.01,-2.524649313,0.1
303538,-318696,0.01,-1.048565942,0.1
303538,-312196,0.01,-0.37629904,0.1
303538,-305696,0.01,-5.713982023,0.1
303538,-299196,0.01,-6.65782632,0.1
303538,-292696,0.01,-1.065260967,0.1
303538,-286196,0.01,0.983461235,0.1
303538,-279696,0.01,-3.513136521,0.1
303538,-273196,0.01,-6.553039585,0.1
303538,-266696,0.01,-8.101918828,0.1
303538,-260196,0.01,-11.26801295,0.1
303538,-253696,0.01,-13.50113935,0.1
303538,-247196,0.01,-14.25085421,0.1
303538,-240696,0.01,-15.52389665,0.1
303538,-234196,0.01,-16.35096241,0.1
303538,-227696,0.01,-15.60312052,0.1
303538,-221196,0.01,-15.43371811,0.1
303538,-214696,0.01,-16.60463892,0.1
303538,-208196,0.01,-17.96749311,0.1
303538,-201696,0.01,-17.36450406,0.1
303538,-195196,0.01,-16.89044795,0.1
303538,-188696,0.01,-17.75115694,0.1
303538,-182196,0.01,-16.8087786,0.1
303538,-175696,0.01,-15.17838042,0.1
303538,-169196,0.01,-14.77764871,0.1
303538,-162696,0.01,-13.35185973,0.1
303538,-156196,0.01,-12.8550734,0.1
303538,-149696,0.01,-12.37274439,0.1
303538,-143196,0.01,-6.500422145,0.1
303538,-136696,0.01,-0.640154444,0.1
303538,-130196,0.01,2.149919882,0.1
303538,-123696,0.01,5.614422916,0.1
303538,-117196,0.01,7.738411049,0.1
310038,-331696,0.01,-1.478791906,0.1
310038,-325196,0.01,-0.48960272,0.1
310038,-318696,0.01,-0.35433947,0.1
310038,-312196,0.01,0.001227464,0.1
310038,-305696,0.01,-2.79336505,0.1
310038,-299196,0.01,-4.732719574,0.1
310038,-292696,0.01,-1.62374427,0.1
310038,-286196,0.01,-0.60802024,0.1
310038,-279696,0.01,-4.486878558,0.1
310038,-273196,0.01,-7.497966945,0.1
310038,-266696,0.01,-10.31964201,0.1
310038,-260196,0.01,-14.72955256,0.1
310038,-253696,0.01,-14.65480058,0.1
310038,-247196,0.01,-15.55160854,0.1
310038,-240696,0.01,-17.28628183,0.1
310038,-234196,0.01,-17.07398735,0.1
310038,-227696,0.01,-16.1220224,0.1
310038,-221196,0.01,-16.69452663,0.1
310038,-214696,0.01,-18.19583897,0.1
310038,-208196,0.01,-18.01598733,0.1
310038,-201696,0.01,-17.17812156,0.1
310038,-195196,0.01,-15.76090466,0.1
310038,-188696,0.01,-15.68621312,0.1
310038,-182196,0.01,-14.58003731,0.1
310038,-175696,0.01,-11.85549505,0.1
310038,-169196,0.01,-11.04698767,0.1
310038,-162696,0.01,-11.34720443,0.1
310038,-156196,0.01,-11.79702042,0.1
310038,-149696,0.01,-12.1251445,0.1
310038,-143196,0.01,-7.767923625,0.1
310038,-136696,0.01,-3.006605158,0.1
310038,-130196,0.01,1.61891394,0.1
310038,-123696,0.01,5.540754074,0.1
310038,-117196,0.01,5.108598335,0.1
316538,-331696,0.01,-0.684048543,0.1
316538,-325196,0.01,-0.79089532,0.1
316538,-318696,0.01,-2.049974774,0.1
316538,-312196,0.01,-2.534105062,0.1
316538,-305696,0.01,-1.053788929,0.1
316538,-299196,0.01,-0.416503062,0.1
316538,-292696,0.01,-0.85737517,0.1
316538,-286196,0.01,-2.865272163,0.1
316538,-279696,0.01,-5.755077405,0.1
316538,-273196,0.01,-7.514361079,0.1
316538,-266696,0.01,-10.77787783,0.1
316538,-260196,0.01,-14.39765143,0.1
316538,-253696,0.01,-14.98311141,0.1
316538,-247196,0.01,-14.8534615,0.1
316538,-240696,0.01,-17.12694018,0.1
316538,-234196,0.01,-17.13577853,0.1
316538,-227696,0.01,-15.96685976,0.1
316538,-221196,0.01,-15.91986424,0.1
316538,-214696,0.01,-15.67415211,0.1
316538,-208196,0.01,-14.37044296,0.1
316538,-201696,0.01,-13.65798393,0.1
316538,-195196,0.01,-12.30311047,0.1
316538,-188696,0.01,-12.35631042,0.1
316538,-182196,0.01,-12.16034355,0.1
316538,-175696,0.01,-10.42068033,0.1
316538,-169196,0.01,-11.16361738,0.1
316538,-162696,0.01,-12.63670944,0.1
316538,-156196,0.01,-12.23517425,0.1
316538,-149696,0.01,-8.752617321,0.1
316538,-143196,0.01,-4.403895079,0.1
316538,-136696,0.01,-1.027708556,0.1
316538,-130196,0.01,2.814702206,0.1
316538,-123696,0.01,5.322473398,0.1
316538,-117196,0.01,3.658368789,0.1
323038,-331696,0.01,0.080777287,0.1
323038,-325196,0.01,0.258173149,0.1
323038,-318696,0.01,-2.43922928,0.1
323038,-312196,0.01,-4.260132939,0.1
323038,-305696,0.01,-3.103418543,0.1
323038,-299196,0.01,-0.651959153,0.1
323038,-292696,0.01,0.345843099,0.1
323038,-286196,0.01,-1.953868852,0.1
323038,-279696,0.01,-4.441907597,0.1
323038,-273196,0.01,-5.24015282,0.1
323038,-266696,0.01,-8.554942805,0.1
323038,-260196,0.01,-12.37614334,0.1
323038,-253696,0.01,-13.0083088,0.1
323038,-247196,0.01,-13.91706479,0.1
323038,-240696,0.01,-16.35558422,0.1
323038,-234196,0.01,-16.60371731,0.1
323038,-227696,0.01,-15.73437486,0.1
323038,-221196,0.01,-15.12434503,0.1
323038,-214696,0.01,-13.43516444,0.1
323038,-208196,0.01,-12.46579136,0.1
323038,-201696,0.01,-12.00223322,0.1
323038,-195196,0.01,-10.44325628,0.1
323038,-188696,0.01,-10.04070685,0.1
323038,-182196,0.01,-12.54689255,0.1
323038,-175696,0.01,-11.2407653,0.1
323038,-169196,0.01,-12.77852358,0.1
323038,-162696,0.01,-13.24078402,0.1
323038,-156196,0.01,-12.03123045,0.1
323038,-149696,0.01,-8.716276663,0.1
323038,-143196,0.01,-3.127057459,0.1
323038,-136696,0.01,-1.030951614,0.1
323038,-130196,0.01,2.289840635,0.1
323038,-123696,0.01,1.817412467,0.1
323038,-117196,0.01,1.940565822,0.1
329538,-331696,0.01,0.417687066,0.1
329538,-325196,0.01,0.398444944,0.1
329538,-318696,0.01,0.2056314,0.1
329538,-312196,0.01,-1.586128359,0.1
329538,-305696,0.01,-4.315485734,0.1
329538,-299196,0.01,-3.94035486,0.1
329538,-292696,0.01,-2.112871871,0.1
329538,-286196,0.01,-2.925920018,0.1
329538,-279696,0.01,-4.942097546,0.1
329538,-273196,0.01,-6.225494568,0.1
329538,-266696,0.01,-8.704913476,0.1
329538,-260196,0.01,-12.31674421,0.1
329538,-253696,0.01,-14.15194513,0.1
329538,-247196,0.01,-15.44350365,0.1
329538,-240696,0.01,-15.21900566,0.1
329538,-234196,0.01,-14.43037055,0.1
329538,-227696,0.01,-13.78665576,0.1
329538,-221196,0.01,-13.87372817,0.1
329538,-214696,0.01,-13.1932876,0.1
329538,-208196,0.01,-12.85004516,0.1
329538,-201696,0.01,-12.97210132,0.1
329538,-195196,0.01,-11.99690391,0.1
329538,-188696,0.01,-10.5757739,0.1
329538,-182196,0.01,-11.55015126,0.1
329538,-175696,0.01,-10.9905651,0.1
329538,-169196,0.01,-10.5837928,0.1
329538,-162696,0.01,-10.24173162,0.1
329538,-156196,0.01,-10.09589326,0.1
329538,-149696,0.01,-11.03500076,0.1
329538,-143196,0.01,-6.624908154,0.1
329538,-136696,0.01,-3.980881229,0.1
329538,-130196,0.01,0.683585371,0.1
329538,-123696,0.01,-1.46839896,0.1
329538,-117196,0.01,-0.566029752,0.1
336038,-331696,0.01,-1.113337117,0.1
336038,-325196,0.01,-1.46755796,0.1
336038,-318696,0.01,-0.22264619,0.1
336038,-312196,0.01,-0.330809466,0.1
336038,-305696,0.01,-3.770492795,0.1
336038,-299196,0.01,-4.789799458,0.1
336038,-292696,0.01,-3.971461534,0.1
336038,-286196,0.01,-5.267660384,0.1
336038,-279696,0.01,-7.220133322,0.1
336038,-273196,0.01,-8.310098153,0.1
336038,-266696,0.01,-8.411455462,0.1
336038,-260196,0.01,-10.30450037,0.1
336038,-253696,0.01,-13.76385521,0.1
336038,-247196,0.01,-16.00796665,0.1
336038,-240696,0.01,-15.74327372,0.1
336038,-234196,0.01,-14.27952157,0.1
336038,-227696,0.01,-13.71100094,0.1
336038,-221196,0.01,-12.76169183,0.1
336038,-214696,0.01,-11.7013923,0.1
336038,-208196,0.01,-10.76370738,0.1
336038,-201696,0.01,-11.92825766,0.1
336038,-195196,0.01,-13.04085877,0.1
336038,-188696,0.01,-12.083494,0.1
336038,-182196,0.01,-12.17246082,0.1
336038,-175696,0.01,-12.27141,0.1
336038,-169196,0.01,-10.33968309,0.1
336038,-162696,0.01,-9.29140717,0.1
336038,-156196,0.01,-10.30401031,0.1
336038,-149696,0.01,-9.893724789,0.1
336038,-143196,0.01,-7.290481211,0.1
336038,-136696,0.01,-2.500699198,0.1
336038,-130196,0.01,1.050355425,0.1
336038,-123696,0.01,-0.11629805,0.1
336038,-117196,0.01,-1.276776513,0.1
342538,-331696,0.01,-3.434262172,0.1
342538,-325196,0.01,-4.115533731,0.1
342538,-318696,0.01,-4.733996266,0.1
342538,-312196,0.01,-5.220911162,0.1
342538,-305696,0.01,-4.618378761,0.1
342538,-299196,0.01,-5.456268701,0.1
342538,-292696,0.01,-6.659243369,0.1
342538,-286196,0.01,-8.213864751,0.1
342538,-279696,0.01,-8.930760206,0.1
342538,-273196,0.01,-9.830230497,0.1
342538,-266696,0.01,-9.110590097,0.1
342538,-260196,0.01,-8.557956467,0.1
342538,-253696,0.01,-11.3116635,0.1
342538,-247196,0.01,-13.6171456,0.1
342538,-240696,0.01,-13.83921297,0.1
342538,-234196,0.01,-13.72347862,0.1
342538,-227696,0.01,-12.27279531,0.1
342538,-221196,0.01,-11.37293951,0.1
342538,-214696,0.01,-10.89940053,0.1
342538,-208196,0.01,-9.337095941,0.1
342538,-201696,0.01,-10.15672306,0.1
342538,-195196,0.01,-12.41432144,0.1
342538,-188696,0.01,-12.58092436,0.1
342538,-182196,0.01,-12.5915149,0.1
342538,-175696,0.01,-13.59262878,0.1
342538,-169196,0.01,-12.72658175,0.1
342538,-162696,0.01,-10.68837091,0.1
342538,-156196,0.01,-11.31657234,0.1
342538,-149696,0.01,-9.420517389,0.1
342538,-143196,0.01,-5.571670974,0.1
342538,-136696,0.01,-1.135232785,0.1
342538,-130196,0.01,0.656705063,0.1
342538,-123696,0.01,-0.583420076,0.1
342538,-117196,0.01,-0.77051235,0.1
349038,-331696,0.01,-4.956759279,0.1
349038,-325196,0.01,-6.330512033,0.1
349038,-318696,0.01,-7.231621468,0.1
349038,-312196,0.01,-8.113562991,0.1
349038,-305696,0.01,-7.042704026,0.1
349038,-299196,0.01,-6.986947643,0.1
349038,-292696,0.01,-8.029894997,0.1
349038,-286196,0.01,-8.133608312,0.1
349038,-279696,0.01,-8.499903556,0.1
349038,-273196,0.01,-10.89438596,0.1
349038,-266696,0.01,-11.74318466,0.1
349038,-260196,0.01,-9.942608321,0.1
349038,-253696,0.01,-10.91010739,0.1
349038,-247196,0.01,-13.02383771,0.1
349038,-240696,0.01,-13.5868725,0.1
349038,-234196,0.01,-12.69503068,0.1
349038,-227696,0.01,-11.54467811,0.1
349038,-221196,0.01,-12.24361916,0.1
349038,-214696,0.01,-13.50415273,0.1
349038,-208196,0.01,-11.3395514,0.1
349038,-201696,0.01,-10.14597878,0.1
349038,-195196,0.01,-11.39171045,0.1
349038,-188696,0.01,-12.26343762,0.1
349038,-182196,0.01,-12.43519236,0.1
349038,-175696,0.01,-11.60335414,0.1
349038,-169196,0.01,-11.70078391,0.1
349038,-162696,0.01,-10.59718015,0.1
349038,-156196,0.01,-11.19638291,0.1
349038,-149696,0.01,-10.19334995,0.1
349038,-143196,0.01,-6.735201992,0.1
349038,-136696,0.01,-2.678088536,0.1
349038,-130196,0.01,-0.491976042,0.1
349038,-123696,0.01,0.331587469,0.1
349038,-117196,0.01,0.550664291,0.1
355538,-331696,0.01,-6.149911933,0.1
355538,-325196,0.01,-6.344023189,0.1
355538,-318696,0.01,-5.004093624,0.1
355538,-312196,0.01,-4.201069333,0.1
355538,-305696,0.01,-5.717638441,0.1
355538,-299196,0.01,-6.416371531,0.1
355538,-292696,0.01,-6.534132874,0.1
355538,-286196,0.01,-6.38242348,0.1
355538,-279696,0.01,-7.933825211,0.1
355538,-273196,0.01,-11.12024434,0.1
355538,-266696,0.01,-11.89299236,0.1
355538,-260196,0.01,-11.48000647,0.1
355538,-253696,0.01,-12.89727587,0.1
355538,-247196,0.01,-14.6364152,0.1
355538,-240696,0.01,-15.02537834,0.1
355538,-234196,0.01,-15.30986021,0.1
355538,-227696,0.01,-15.32952684,0.1
355538,-221196,0.01,-13.52833654,0.1
355538,-214696,0.01,-12.5491221,0.1
355538,-208196,0.01,-11.40019809,0.1
355538,-201696,0.01,-11.16419846,0.1
355538,-195196,0.01,-11.84226388,0.1
355538,-188696,0.01,-13.60107998,0.1
355538,-182196,0.01,-13.69477128,0.1
355538,-175696,0.01,-11.29192512,0.1
355538,-169196,0.01,-12.30939102,0.1
355538,-162696,0.01,-9.777075948,0.1
355538,-156196,0.01,-8.435869919,0.1
355538,-149696,0.01,-8.711897511,0.1
355538,-143196,0.01,-6.613990948,0.1
355538,-136696,0.01,-2.322414578,0.1
355538,-130196,0.01,0.337200215,0.1
355538,-123696,0.01,1.771568139,0.1
355538,-117196,0.01,1.066318905,0.1
362038,-331696,0.01,-6.206823415,0.1
362038,-325196,0.01,-4.664550996,0.1
362038,-318696,0.01,-3.705235638,0.1
362038,-312196,0.01,-3.827864423,0.1
362038,-305696,0.01,-6.332467964,0.1
362038,-299196,0.01,-7.15094424,0.1
362038,-292696,0.01,-6.804447331,0.1
362038,-286196,0.01,-6.780319727,0.1
362038,-279696,0.01,-9.006349593,0.1
362038,-273196,0.01,-11.09563318,0.1
362038,-266696,0.01,-9.934890889,0.1
362038,-260196,0.01,-12.21273327,0.1
362038,-253696,0.01,-16.07123478,0.1
362038,-247196,0.01,-16.68879016,0.1
362038,-240696,0.01,-16.53701661,0.1
362038,-234196,0.01,-17.32549803,0.1
362038,-227696,0.01,-17.82838892,0.1
362038,-221196,0.01,-13.29749548,0.1
362038,-214696,0.01,-10.12258155,0.1
362038,-208196,0.01,-10.65068649,0.1
362038,-201696,0.01,-12.17557572,0.1
362038,-195196,0.01,-14.15876833,0.1
362038,-188696,0.01,-16.39214322,0.1
362038,-182196,0.01,-15.41105846,0.1
362038,-175696,0.01,-12.6352865,0.1
362038,-169196,0.01,-12.19672568,0.1
362038,-162696,0.01,-8.926446005,0.1
362038,-156196,0.01,-6.954071842,0.1
362038,-149696,0.01,-8.000643536,0.1
362038,-143196,0.01,-5.452077209,0.1
362038,-136696,0.01,-0.733334967,0.1
362038,-130196,0.01,-0.048976298,0.1
362038,-123696,0.01,-0.590024236,0.1
362038,-117196,0.01,0.130304969,0.1
368538,-331696,0.01,-4.070057075,0.1
368538,-325196,0.01,-4.787071363,0.1
368538,-318696,0.01,-7.491069955,0.1
368538,-312196,0.01,-8.724818919,0.1
368538,-305696,0.01,-7.962007934,0.1
368538,-299196,0.01,-7.47887421,0.1
368538,-292696,0.01,-8.169749495,0.1
368538,-286196,0.01,-8.296314266,0.1
368538,-279696,0.01,-8.961648132,0.1
368538,-273196,0.01,-10.6373616,0.1
368538,-266696,0.01,-10.48235405,0.1
368538,-260196,0.01,-13.3218712,0.1
368538,-253696,0.01,-15.7645277,0.1
368538,-247196,0.01,-15.55773014,0.1
368538,-240696,0.01,-14.37773089,0.1
368538,-234196,0.01,-13.388114,0.1
368538,-227696,0.01,-12.59166102,0.1
368538,-221196,0.01,-12.60857661,0.1
368538,-214696,0.01,-13.19906682,0.1
368538,-208196,0.01,-14.13977175,0.1
368538,-201696,0.01,-13.89579906,0.1
368538,-195196,0.01,-15.27054132,0.1
368538,-188696,0.01,-16.104879,0.1
368538,-182196,0.01,-14.25587691,0.1
368538,-175696,0.01,-11.80630785,0.1
368538,-169196,0.01,-11.78971418,0.1
368538,-162696,0.01,-9.452571351,0.1
368538,-156196,0.01,-7.959107376,0.1
368538,-149696,0.01,-8.870340726,0.1
368538,-143196,0.01,-5.279679422,0.1
368538,-136696,0.01,0.200655493,0.1
368538,-130196,0.01,1.570344354,0.1
368538,-123696,0.01,-4.337542994,0.1
368538,-117196,0.01,-2.647768121,0.1
375038,-331696,0.01,-2.062843698,0.1
375038,-325196,0.01,-5.214217678,0.1
375038,-318696,0.01,-9.969923161,0.1
375038,-312196,0.01,-10.91220922,0.1
375038,-305696,0.01,-7.260119116,0.1
375038,-299196,0.01,-6.167669032,0.1
375038,-292696,0.01,-7.7570479,0.1
375038,-286196,0.01,-7.282147697,0.1
375038,-279696,0.01,-6.147012699,0.1
375038,-273196,0.01,-9.017750106,0.1
375038,-266696,0.01,-13.27099522,0.1
375038,-260196,0.01,-13.65718209,0.1
375038,-253696,0.01,-11.33959336,0.1
375038,-247196,0.01,-9.921336118,0.1
375038,-240696,0.01,-9.462627238,0.1
375038,-234196,0.01,-8.043426274,0.1
375038,-227696,0.01,-8.824513714,0.1
375038,-221196,0.01,-13.79133217,0.1
375038,-214696,0.01,-17.64464444,0.1
375038,-208196,0.01,-14.41052374,0.1
375038,-201696,0.01,-13.39617194,0.1
375038,-195196,0.01,-15.02474176,0.1
375038,-188696,0.01,-14.0183528,0.1
375038,-182196,0.01,-12.978694,0.1
375038,-175696,0.01,-12.32592541,0.1
375038,-169196,0.01,-12.04349606,0.1
375038,-162696,0.01,-14.06846906,0.1
375038,-156196,0.01,-7.073160309,0.1
375038,-149696,0.01,-4.570312439,0.1
375038,-143196,0.01,-2.189404094,0.1
375038,-136696,0.01,1.487082948,0.1
375038,-130196,0.01,5.207396885,0.1
375038,-123696,0.01,-3.160720192,0.1
375038,-117196,0.01,-2.854813062,0.1
381538,-331696,0.01,-3.004006709,0.1
381538,-325196,0.01,-4.730556883,0.1
381538,-318696,0.01,-9.090414246,0.1
381538,-312196,0.01,-10.19203362,0.1
381538,-305696,0.01,-7.800762837,0.1
381538,-299196,0.01,-6.250862854,0.1
381538,-292696,0.01,-6.809412237,0.1
381538,-286196,0.01,-5.710647953,0.1
381538,-279696,0.01,-4.397188212,0.1
381538,-273196,0.01,-6.69896416,0.1
381538,-266696,0.01,-9.742457562,0.1
381538,-260196,0.01,-9.652926979,0.1
381538,-253696,0.01,-8.004098104,0.1
381538,-247196,0.01,-8.827938477,0.1
381538,-240696,0.01,-10.25375738,0.1
381538,-234196,0.01,-10.59033662,0.1
381538,-227696,0.01,-12.88582487,0.1
381538,-221196,0.01,-16.5697853,0.1
381538,-214696,0.01,-17.13454284,0.1
381538,-208196,0.01,-11.42660088,0.1
381538,-201696,0.01,-13.11700308,0.1
381538,-195196,0.01,-16.46404478,0.1
381538,-188696,0.01,-14.25168746,0.1
381538,-182196,0.01,-13.87851847,0.1
381538,-175696,0.01,-14.37575836,0.1
381538,-169196,0.01,-11.20766284,0.1
381538,-162696,0.01,-9.688288153,0.1
381538,-156196,0.01,-6.553761564,0.1
381538,-149696,0.01,-6.063000805,0.1
381538,-143196,0.01,-0.758977959,0.1
381538,-136696,0.01,-0.020864664,0.1
381538,-130196,0.01,1.532224902,0.1
381538,-123696,0.01,-0.576601152,0.1
381538,-117196,0.01,-0.088451182,0.1
388038,-331696,0.01,-6.556825709,0.1
388038,-325196,0.01,-7.632543303,0.1
388038,-318696,0.01,-8.974932855,0.1
388038,-312196,0.01,-9.516045421,0.1
388038,-305696,0.01,-8.540237987,0.1
388038,-299196,0.01,-7.558042143,0.1
388038,-292696,0.01,-7.980456068,0.1
388038,-286196,0.01,-7.743015701,0.1
388038,-279696,0.01,-6.459387998,0.1
388038,-273196,0.01,-5.644101244,0.1
388038,-266696,0.01,-5.611441769,0.1
388038,-260196,0.01,-6.558432519,0.1
388038,-253696,0.01,-8.366931268,0.1
388038,-247196,0.01,-9.448067257,0.1
388038,-240696,0.01,-10.38531367,0.1
388038,-234196,0.01,-13.22714149,0.1
388038,-227696,0.01,-15.69807708,0.1
388038,-221196,0.01,-16.23700722,0.1
388038,-214696,0.01,-13.91651252,0.1
388038,-208196,0.01,-12.2095342,0.1
388038,-201696,0.01,-15.33571845,0.1
388038,-195196,0.01,-18.02159702,0.1
388038,-188696,0.01,-15.18178387,0.1
388038,-182196,0.01,-14.81108552,0.1
388038,-175696,0.01,-14.62886033,0.1
388038,-169196,0.01,-8.302324844,0.1
388038,-162696,0.01,-5.108417023,0.1
388038,-156196,0.01,-5.320359996,0.1
388038,-149696,0.01,-8.299586132,0.1
388038,-143196,0.01,-3.080009574,0.1
388038,-136696,0.01,-6.027140103,0.1
388038,-130196,0.01,3.936681366,0.1
388038,-123696,0.01,2.97666504,0.1
388038,-117196,0.01,-0.44766375,0.1
394538,-331696,0.01,-7.999501483,0.1
394538,-325196,0.01,-8.910316796,0.1
394538,-318696,0.01,-9.969162049,0.1
394538,-312196,0.01,-9.964124494,0.1
394538,-305696,0.01,-8.195442037,0.1
394538,-299196,0.01,-6.956283506,0.1
394538,-292696,0.01,-7.367230259,0.1
394538,-286196,0.01,-7.383447023,0.1
394538,-279696,0.01,-7.336853123,0.1
394538,-273196,0.01,-6.680285641,0.1
394538,-266696,0.01,-5.463676716,0.1
394538,-260196,0.01,-6.436916317,0.1
394538,-253696,0.01,-9.053164643,0.1
394538,-247196,0.01,-9.268066285,0.1
394538,-240696,0.01,-8.97552761,0.1
394538,-234196,0.01,-12.25491756,0.1
394538,-227696,0.01,-14.82886692,0.1
394538,-221196,0.01,-15.14959327,0.1
394538,-214696,0.01,-15.64448327,0.1
394538,-208196,0.01,-17.06964631,0.1
394538,-201696,0.01,-17.73444839,0.1
394538,-195196,0.01,-16.532783,0.1
394538,-188696,0.01,-14.38865456,0.1
394538,-182196,0.01,-15.11660245,0.1
394538,-175696,0.01,-14.58763069,0.1
394538,-169196,0.01,-7.269847282,0.1
394538,-162696,0.01,-3.745831725,0.1
394538,-156196,0.01,-3.399457417,0.1
394538,-149696,0.01,-8.251313221,0.1
394538,-143196,0.01,-1.023844401,0.1
394538,-136696,0.01,-2.41817366,0.1
394538,-130196,0.01,5.638900802,0.1
394538,-123696,0.01,11.58322658,0.1
394538,-117196,0.01,-0.425932503,0.1
401038,-331696,0.01,-8.938430536,0.1
401038,-325196,0.01,-8.865136799,0.1
401038,-318696,0.01,-9.196256983,0.1
401038,-312196,0.01,-9.281460498,0.1
401038,-305696,0.01,-7.752785597,0.1
401038,-299196,0.01,-6.933500858,0.1
401038,-292696,0.01,-6.161998921,0.1
401038,-286196,0.01,-4.295071082,0.1
401038,-279696,0.01,-4.137459301,0.1
401038,-273196,0.01,-5.493493599,0.1
401038,-266696,0.01,-4.369253738,0.1
401038,-260196,0.01,-4.28305442,0.1
401038,-253696,0.01,-7.262646623,0.1
401038,-247196,0.01,-8.024213128,0.1
401038,-240696,0.01,-7.501191852,0.1
401038,-234196,0.01,-10.18670558,0.1
401038,-227696,0.01,-12.49929093,0.1
401038,-221196,0.01,-13.50388292,0.1
401038,-214696,0.01,-15.93354166,0.1
401038,-208196,0.01,-16.54012021,0.1
401038,-201696,0.01,-16.15232303,0.1
401038,-195196,0.01,-14.80086122,0.1
401038,-188696,0.01,-14.52089865,0.1
401038,-182196,0.01,-14.77506486,0.1
401038,-175696,0.01,-13.94896074,0.1
401038,-169196,0.01,-7.966780608,0.1
401038,-162696,0.01,-2.694872545,0.1
401038,-156196,0.01,-0.533744442,0.1
401038,-149696,0.01,0.182333318,0.1
401038,-143196,0.01,0.752900304,0.1
401038,-136696,0.01,0.171010844,0.1
401038,-130196,0.01,4.944337958,0.1
401038,-123696,0.01,2.999167734,0.1
401038,-117196,0.01,0.570993865,0.1
407538,-331696,0.01,-7.808790838,0.1
407538,-325196,0.01,-6.795586801,0.1
407538,-318696,0.01,-5.272058277,0.1
407538,-312196,0.01,-5.32876524,0.1
407538,-305696,0.01,-5.424184738,0.1
407538,-299196,0.01,-5.759716833,0.1
407538,-292696,0.01,-5.375038149,0.1
407538,-286196,0.01,-3.282204962,0.1
407538,-279696,0.01,-2.851189373,0.1
407538,-273196,0.01,-4.967832006,0.1
407538,-266696,0.01,-4.689479652,0.1
407538,-260196,0.01,-3.683685296,0.1
407538,-253696,0.01,-6.331360037,0.1
407538,-247196,0.01,-8.391671078,0.1
407538,-240696,0.01,-8.415894816,0.1
407538,-234196,0.01,-10.59530824,0.1
407538,-227696,0.01,-11.81003581,0.1
407538,-221196,0.01,-11.69998795,0.1
407538,-214696,0.01,-14.25748356,0.1
407538,-208196,0.01,-14.38850651,0.1
407538,-201696,0.01,-13.23451546,0.1
407538,-195196,0.01,-15.21420813,0.1
407538,-188696,0.01,-16.53650385,0.1
407538,-182196,0.01,-14.86291469,0.1
407538,-175696,0.01,-12.21946315,0.1
407538,-169196,0.01,-7.775899133,0.1
407538,-162696,0.01,-3.120607079,0.1
407538,-156196,0.01,0.258047814,0.1
407538,-149696,0.01,5.027581249,0.1
407538,-143196,0.01,3.212458737,0.1
407538,-136696,0.01,4.478130004,0.1
407538,-130196,0.01,5.661960257,0.1
407538,-123696,0.01,2.66428191,0.1
407538,-117196,0.01,2.033849793,0.1
414038,-331696,0.01,-7.558539572,0.1
414038,-325196,0.01,-7.134930256,0.1
414038,-318696,0.01,-3.627782987,0.1
414038,-312196,0.01,-3.193335962,0.1
414038,-305696,0.01,-4.232463372,0.1
414038,-299196,0.01,-4.195420881,0.1
414038,-292696,0.01,-5.009672944,0.1
414038,-286196,0.01,-4.929517237,0.1
414038,-279696,0.01,-3.178791814,0.1
414038,-273196,0.01,-4.288247143,0.1
414038,-266696,0.01,-5.277587654,0.1
414038,-260196,0.01,-4.667589139,0.1
414038,-253696,0.01,-5.832048112,0.1
414038,-247196,0.01,-7.178064268,0.1
414038,-240696,0.01,-7.171402328,0.1
414038,-234196,0.01,-10.24453486,0.1
414038,-227696,0.01,-11.77905902,0.1
414038,-221196,0.01,-10.04856568,0.1
414038,-214696,0.01,-11.19394568,0.1
414038,-208196,0.01,-12.89252287,0.1
414038,-201696,0.01,-13.28126984,0.1
414038,-195196,0.01,-16.77704531,0.1
414038,-188696,0.01,-17.29301381,0.1
414038,-182196,0.01,-13.92627823,0.1
414038,-175696,0.01,-11.1987004,0.1
414038,-169196,0.01,-7.417620134,0.1
414038,-162696,0.01,-2.681039531,0.1
414038,-156196,0.01,0.41702525,0.1
414038,-149696,0.01,3.753140361,0.1
414038,-143196,0.01,2.797846601,0.1
414038,-136696,0.01,6.450700938,0.1
414038,-130196,0.01,6.210420236,0.1
414038,-123696,0.01,3.066602373,0.1
414038,-117196,0.01,2.891626054,0.1
420538,-331696,0.01,-9.160573745,0.1
420538,-325196,0.01,-9.634431128,0.1
420538,-318696,0.01,-4.817745454,0.1
420538,-312196,0.01,-4.500079313,0.1
420538,-305696,0.01,-5.540927419,0.1
420538,-299196,0.01,-4.010358182,0.1
420538,-292696,0.01,-4.260240912,0.1
420538,-286196,0.01,-5.070916297,0.1
420538,-279696,0.01,-2.831801296,0.1
420538,-273196,0.01,-1.731785412,0.1
420538,-266696,0.01,-2.653442564,0.1
420538,-260196,0.01,-3.675423214,0.1
420538,-253696,0.01,-4.979771038,0.1
420538,-247196,0.01,-5.635808164,0.1
420538,-240696,0.01,-5.540010041,0.1
420538,-234196,0.01,-8.405460251,0.1
420538,-227696,0.01,-10.10745071,0.1
420538,-221196,0.01,-8.819887734,0.1
420538,-214696,0.01,-9.64675341,0.1
420538,-208196,0.01,-11.18307258,0.1
420538,-201696,0.01,-11.55021808,0.1
420538,-195196,0.01,-14.55588757,0.1
420538,-188696,0.01,-16.93950569,0.1
420538,-182196,0.01,-14.10686842,0.1
420538,-175696,0.01,-12.87195173,0.1
420538,-169196,0.01,-10.11061457,0.1
420538,-162696,0.01,-3.730293509,0.1
420538,-156196,0.01,0.528437265,0.1
420538,-149696,0.01,2.563142118,0.1
420538,-143196,0.01,3.409790265,0.1
420538,-136696,0.01,5.673694911,0.1
420538,-130196,0.01,7.0156519,0.1
420538,-123696,0.01,6.980687222,0.1
420538,-117196,0.01,3.60541071,0.1
427038,-331696,0.01,-6.623387127,0.1
427038,-325196,0.01,-7.325721557,0.1
427038,-318696,0.01,-3.50013826,0.1
427038,-312196,0.01,-4.223370331,0.1
427038,-305696,0.01,-5.769027082,0.1
427038,-299196,0.01,-4.103916161,0.1
427038,-292696,0.01,-2.666682528,0.1
427038,-286196,0.01,-2.490145281,0.1
427038,-279696,0.01,-0.925165499,0.1
427038,-273196,0.01,0.179112934,0.1
427038,-266696,0.01,-1.048921451,0.1
427038,-260196,0.01,-3.601156484,0.1
427038,-253696,0.01,-5.018535374,0.1
427038,-247196,0.01,-5.577414964,0.1
427038,-240696,0.01,-6.206481571,0.1
427038,-234196,0.01,-7.721113465,0.1
427038,-227696,0.01,-8.397909082,0.1
427038,-221196,0.01,-7.918867491,0.1
427038,-214696,0.01,-9.586518462,0.1
427038,-208196,0.01,-11.14543356,0.1
427038,-201696,0.01,-10.99106462,0.1
427038,-195196,0.01,-12.94574472,0.1
427038,-188696,0.01,-15.88381886,0.1
427038,-182196,0.01,-16.23384424,0.1
427038,-175696,0.01,-13.49471434,0.1
427038,-169196,0.01,-11.34943636,0.1
427038,-162696,0.01,-5.956306337,0.1
427038,-156196,0.01,-1.481355237,0.1
427038,-149696,0.01,3.073047495,0.1
427038,-143196,0.01,7.113864048,0.1
427038,-136696,0.01,8.070728535,0.1
427038,-130196,0.01,9.731570426,0.1
427038,-123696,0.01,10.41501785,0.1
427038,-117196,0.01,5.852855456,0.1
433538,-331696,0.01,-1.382191585,0.1
433538,-325196,0.01,-1.997412958,0.1
433538,-318696,0.01,-1.663641451,0.1
433538,-312196,0.01,-2.596502943,0.1
433538,-305696,0.01,-3.798168239,0.1
433538,-299196,0.01,-2.656933166,0.1
433538,-292696,0.01,-0.035760686,0.1
433538,-286196,0.01,1.536278929,0.1
433538,-279696,0.01,1.924550703,0.1
433538,-273196,0.01,0.868320843,0.1
433538,-266696,0.01,-1.772244453,0.1
433538,-260196,0.01,-3.625613919,0.1
433538,-253696,0.01,-3.8894476,0.1
433538,-247196,0.01,-5.185654557,0.1
433538,-240696,0.01,-7.204113892,0.1
433538,-234196,0.01,-8.391845837,0.1
433538,-227696,0.01,-8.278441709,0.1
433538,-221196,0.01,-8.378553286,0.1
433538,-214696,0.01,-10.16696941,0.1
433538,-208196,0.01,-11.5900053,0.1
433538,-201696,0.01,-11.95944552,0.1
433538,-195196,0.01,-13.47508915,0.1
433538,-188696,0.01,-16.0396125,0.1
433538,-182196,0.01,-17.9631266,0.1
433538,-175696,0.01,-13.34962692,0.1
433538,-169196,0.01,-11.00374539,0.1
433538,-162696,0.01,-9.203154696,0.1
433538,-156196,0.01,-6.311477102,0.1
433538,-149696,0.01,0.28971011,0.1
433538,-143196,0.01,6.393572908,0.1
433538,-136696,0.01,6.811495914,0.1
433538,-130196,0.01,8.801033042,0.1
433538,-123696,0.01,8.851769519,0.1
433538,-117196,0.01,5.441949228,0.1
440038,-331696,0.01,0.994564466,0.1
440038,-325196,0.01,-0.005536434,0.1
440038,-318696,0.01,-0.556508828,0.1
440038,-312196,0.01,-0.05279785,0.1
440038,-305696,0.01,-0.468020295,0.1
440038,-299196,0.01,-0.17257922,0.1
440038,-292696,0.01,1.454899067,0.1
440038,-286196,0.01,2.180195501,0.1
440038,-279696,0.01,2.123021638,0.1
440038,-273196,0.01,1.963730042,0.1
440038,-266696,0.01,0.750036708,0.1
440038,-260196,0.01,-0.567118575,0.1
440038,-253696,0.01,-2.274047469,0.1
440038,-247196,0.01,-5.472320228,0.1
440038,-240696,0.01,-8.458935645,0.1
440038,-234196,0.01,-9.376751285,0.1
440038,-227696,0.01,-9.272408644,0.1
440038,-221196,0.01,-9.784800808,0.1
440038,-214696,0.01,-11.89768074,0.1
440038,-208196,0.01,-13.06261047,0.1
440038,-201696,0.01,-11.90909248,0.1
440038,-195196,0.01,-11.53360381,0.1
440038,-188696,0.01,-13.30647342,0.1
440038,-182196,0.01,-15.79776948,0.1
440038,-175696,0.01,-14.30869504,0.1
440038,-169196,0.01,-13.35853128,0.1
440038,-162696,0.01,-12.72119467,0.1
440038,-156196,0.01,-10.46544265,0.1
440038,-149696,0.01,-5.898208845,0.1
440038,-143196,0.01,1.199889128,0.1
440038,-136696,0.01,3.555320964,0.1
440038,-130196,0.01,6.377133642,0.1
440038,-123696,0.01,5.973854956,0.1
440038,-117196,0.01,2.448738208,0.1
446538,-331696,0.01,-1.501035336,0.1
446538,-325196,0.01,0.14528289,0.1
446538,-318696,0.01,0.323279489,0.1
446538,-312196,0.01,1.690548131,0.1
446538,-305696,0.01,2.375447796,0.1
446538,-299196,0.01,2.162371891,0.1
446538,-292696,0.01,2.101633832,0.1
446538,-286196,0.01,2.014533548,0.1
446538,-279696,0.01,2.369716157,0.1
446538,-273196,0.01,3.3424265,0.1
446538,-266696,0.01,2.584827917,0.1
446538,-260196,0.01,0.537320128,0.1
446538,-253696,0.01,-2.072935859,0.1
446538,-247196,0.01,-5.742485066,0.1
446538,-240696,0.01,-8.734227705,0.1
446538,-234196,0.01,-9.403868124,0.1
446538,-227696,0.01,-8.749063552,0.1
446538,-221196,0.01,-8.687921314,0.1
446538,-214696,0.01,-11.23094807,0.1
446538,-208196,0.01,-12.5168935,0.1
446538,-201696,0.01,-10.92704679,0.1
446538,-195196,0.01,-9.92933421,0.1
446538,-188696,0.01,-12.45006318,0.1
446538,-182196,0.01,-15.65375136,0.1
446538,-175696,0.01,-15.26595912,0.1
446538,-169196,0.01,-15.48114389,0.1
446538,-162696,0.01,-13.72670035,0.1
446538,-156196,0.01,-10.83411862,0.1
446538,-149696,0.01,-7.748172235,0.1
446538,-143196,0.01,-1.58332194,0.1
446538,-136696,0.01,3.758997765,0.1
446538,-130196,0.01,8.593370157,0.1
446538,-123696,0.01,9.386917319,0.1
446538,-117196,0.01,7.797801982,0.1
453038,-331696,0.01,-3.688551829,0.1
453038,-325196,0.01,-1.745755065,0.1
453038,-318696,0.01,-1.444172437,0.1
453038,-312196,0.01,-1.040464873,0.1
453038,-305696,0.01,0.6209502,0.1
453038,-299196,0.01,3.255366989,0.1
453038,-292696,0.01,4.681239061,0.1
453038,-286196,0.01,4.150772282,0.1
453038,-279696,0.01,4.23831763,0.1
453038,-273196,0.01,6.061092751,0.1
453038,-266696,0.01,4.37210976,0.1
453038,-260196,0.01,1.013528487,0.1
453038,-253696,0.01,-1.471346695,0.1
453038,-247196,0.01,-3.830885516,0.1
453038,-240696,0.01,-8.901431576,0.1
453038,-234196,0.01,-9.445799164,0.1
453038,-227696,0.01,-7.691028249,0.1
453038,-221196,0.01,-8.057151051,0.1
453038,-214696,0.01,-9.301723707,0.1
453038,-208196,0.01,-10.27853455,0.1
453038,-201696,0.01,-10.85215465,0.1
453038,-195196,0.01,-9.931675915,0.1
453038,-188696,0.01,-13.05102766,0.1
453038,-182196,0.01,-15.53914951,0.1
453038,-175696,0.01,-16.43157428,0.1
453038,-169196,0.01,-16.144292,0.1
453038,-162696,0.01,-13.56279291,0.1
453038,-156196,0.01,-11.85265662,0.1
453038,-149696,0.01,-9.577791262,0.1
453038,-143196,0.01,-3.657978918,0.1
453038,-136696,0.01,2.647083284,0.1
453038,-130196,0.01,7.833661342,0.1
453038,-123696,0.01,12.85392053,0.1
453038,-117196,0.01,17.47478955,0.1
459538,-331696,0.01,-2.193280937,0.1
459538,-325196,0.01,0.278153901,0.1
459538,-318696,0.01,-0.548646374,0.1
459538,-312196,0.01,-0.822050306,0.1
459538,-305696,0.01,2.679600394,0.1
459538,-299196,0.01,6.709204554,0.1
459538,-292696,0.01,7.581497073,0.1
459538,-286196,0.01,6.585883751,0.1
459538,-279696,0.01,6.652158031,0.1
459538,-273196,0.01,8.188458363,0.1
459538,-266696,0.01,6.121555136,0.1
459538,-260196,0.01,2.044402883,0.1
459538,-253696,0.01,0.771965805,0.1
459538,-247196,0.01,-3.301199449,0.1
459538,-240696,0.01,-8.160099284,0.1
459538,-234196,0.01,-9.14962185,0.1
459538,-227696,0.01,-10.01257554,0.1
459538,-221196,0.01,-10.13639955,0.1
459538,-214696,0.01,-10.62293786,0.1
459538,-208196,0.01,-10.98706596,0.1
459538,-201696,0.01,-10.25049458,0.1
459538,-195196,0.01,-10.52604599,0.1
459538,-188696,0.01,-12.26915053,0.1
459538,-182196,0.01,-14.8998949,0.1
459538,-175696,0.01,-17.06286703,0.1
459538,-169196,0.01,-17.65443715,0.1
459538,-162696,0.01,-14.51264674,0.1
459538,-156196,0.01,-14.2558815,0.1
459538,-149696,0.01,-12.96182317,0.1
459538,-143196,0.01,-7.413459393,0.1
459538,-136696,0.01,-3.160489418,0.1
459538,-130196,0.01,0.480199171,0.1
459538,-123696,0.01,6.759635417,0.1
459538,-117196,0.01,10.41378343,0.1
466038,-331696,0.01,1.152437897,0.1
466038,-325196,0.01,4.30954112,0.1
466038,-318696,0.01,4.011378229,0.1
466038,-312196,0.01,4.994689237,0.1
466038,-305696,0.01,7.998358334,0.1
466038,-299196,0.01,9.345778006,0.1
466038,-292696,0.01,8.035777169,0.1
466038,-286196,0.01,6.063345939,0.1
466038,-279696,0.01,6.68172817,0.1
466038,-273196,0.01,9.44533659,0.1
466038,-266696,0.01,7.808005261,0.1
466038,-260196,0.01,2.955267306,0.1
466038,-253696,0.01,1.022974255,0.1
466038,-247196,0.01,-3.589824302,0.1
466038,-240696,0.01,-6.956611009,0.1
466038,-234196,0.01,-7.970445196,0.1
466038,-227696,0.01,-10.18830754,0.1
466038,-221196,0.01,-10.11228275,0.1
466038,-214696,0.01,-9.442503002,0.1
466038,-208196,0.01,-11.08760287,0.1
466038,-201696,0.01,-11.9657921,0.1
466038,-195196,0.01,-12.00774734,0.1
466038,-188696,0.01,-12.84240667,0.1
466038,-182196,0.01,-15.44103298,0.1
466038,-175696,0.01,-17.80739107,0.1
466038,-169196,0.01,-18.69302557,0.1
466038,-162696,0.01,-16.34428068,0.1
466038,-156196,0.01,-14.21123133,0.1
466038,-149696,0.01,-13.34359454,0.1
466038,-143196,0.01,-9.515707255,0.1
466038,-136696,0.01,-7.961621173,0.1
466038,-130196,0.01,-6.402627013,0.1
466038,-123696,0.01,-0.981722408,0.1
466038,-117196,0.01,0.719226226,0.1
472538,-331696,0.01,3.711828547,0.1
472538,-325196,0.01,4.824412781,0.1
472538,-318696,0.01,5.483330578,0.1
472538,-312196,0.01,8.85606681,0.1
472538,-305696,0.01,11.5200913,0.1
472538,-299196,0.01,11.68393393,0.1
472538,-292696,0.01,10.24045311,0.1
472538,-286196,0.01,8.572700596,0.1
472538,-279696,0.01,8.211849968,0.1
472538,-273196,0.01,9.575671209,0.1
472538,-266696,0.01,7.558487237,0.1
472538,-260196,0.01,3.456139831,0.1
472538,-253696,0.01,2.06062024,0.1
472538,-247196,0.01,-1.128116909,0.1
472538,-240696,0.01,-3.779473923,0.1
472538,-234196,0.01,-6.002507853,0.1
472538,-227696,0.01,-9.509558024,0.1
472538,-221196,0.01,-9.759188595,0.1
472538,-214696,0.01,-9.703248263,0.1
472538,-208196,0.01,-12.1969674,0.1
472538,-201696,0.01,-15.25131804,0.1
472538,-195196,0.01,-15.84360795,0.1
472538,-188696,0.01,-15.86230911,0.1
472538,-182196,0.01,-16.47520156,0.1
472538,-175696,0.01,-18.29542706,0.1
472538,-169196,0.01,-20.13298622,0.1
472538,-162696,0.01,-18.37355786,0.1
472538,-156196,0.01,-14.46863674,0.1
472538,-149696,0.01,-13.15201573,0.1
472538,-143196,0.01,-11.98149029,0.1
472538,-136696,0.01,-12.56312829,0.1
472538,-130196,0.01,-11.6445546,0.1
472538,-123696,0.01,-6.319860551,0.1
472538,-117196,0.01,-3.988083069,0.1
479038,-331696,0.01,5.364642845,0.1
479038,-325196,0.01,3.740820409,0.1
479038,-318696,0.01,4.341082196,0.1
479038,-312196,0.01,7.104929865,0.1
479038,-305696,0.01,8.85282474,0.1
479038,-299196,0.01,11.29979159,0.1
479038,-292696,0.01,13.70150028,0.1
479038,-286196,0.01,12.90726655,0.1
479038,-279696,0.01,9.660688619,0.1
479038,-273196,0.01,8.994598741,0.1
479038,-266696,0.01,9.110002732,0.1
479038,-260196,0.01,6.485972015,0.1
479038,-253696,0.01,4.149532082,0.1
479038,-247196,0.01,1.223281856,0.1
479038,-240696,0.01,-2.528725014,0.1
479038,-234196,0.01,-6.039522318,0.1
479038,-227696,0.01,-9.324091507,0.1
479038,-221196,0.01,-10.95681353,0.1
479038,-214696,0.01,-12.53340224,0.1
479038,-208196,0.01,-12.94921925,0.1
479038,-201696,0.01,-13.86350591,0.1
479038,-195196,0.01,-14.80006862,0.1
479038,-188696,0.01,-16.03740065,0.1
479038,-182196,0.01,-15.74758172,0.1
479038,-175696,0.01,-17.0065863,0.1
479038,-169196,0.01,-19.93627558,0.1
479038,-162696,0.01,-18.90668879,0.1
479038,-156196,0.01,-17.28993317,0.1
479038,-149696,0.01,-15.54341213,0.1
479038,-143196,0.01,-13.95402673,0.1
479038,-136696,0.01,-13.36294994,0.1
479038,-130196,0.01,-12.10738773,0.1
479038,-123696,0.01,-8.735021184,0.1
479038,-117196,0.01,-6.229269483,0.1
485538,-331696,0.01,6.585448215,0.1
485538,-325196,0.01,5.368561165,0.1
485538,-318696,0.01,7.02122405,0.1
485538,-312196,0.01,8.2832858,0.1
485538,-305696,0.01,8.243243982,0.1
485538,-299196,0.01,10.9818996,0.1
485538,-292696,0.01,14.29425445,0.1
485538,-286196,0.01,13.74683963,0.1
485538,-279696,0.01,10.20301825,0.1
485538,-273196,0.01,11.53601174,0.1
485538,-266696,0.01,14.23393405,0.1
485538,-260196,0.01,10.16634117,0.1
485538,-253696,0.01,5.657692031,0.1
485538,-247196,0.01,3.022330834,0.1
485538,-240696,0.01,-0.935767736,0.1
485538,-234196,0.01,-3.913355131,0.1
485538,-227696,0.01,-6.705963502,0.1
485538,-221196,0.01,-11.24500376,0.1
485538,-214696,0.01,-15.33717256,0.1
485538,-208196,0.01,-14.0012012,0.1
485538,-201696,0.01,-13.21604581,0.1
485538,-195196,0.01,-13.72980282,0.1
485538,-188696,0.01,-14.43345969,0.1
485538,-182196,0.01,-14.0860802,0.1
485538,-175696,0.01,-15.76553678,0.1
485538,-169196,0.01,-18.98900168,0.1
485538,-162696,0.01,-18.05374893,0.1
485538,-156196,0.01,-17.08087829,0.1
485538,-149696,0.01,-15.83120075,0.1
485538,-143196,0.01,-13.24612619,0.1
485538,-136696,0.01,-10.06650595,0.1
485538,-130196,0.01,-8.57990672,0.1
485538,-123696,0.01,-8.903285678,0.1
485538,-117196,0.01,-7.745996372,0.1
492038,-331696,0.01,6.698375167,0.1
492038,-325196,0.01,5.405613084,0.1
492038,-318696,0.01,7.550620214,0.1
492038,-312196,0.01,10.16929435,0.1
492038,-305696,0.01,12.93406746,0.1
492038,-299196,0.01,14.9309433,0.1
492038,-292696,0.01,16.04221395,0.1
492038,-286196,0.01,16.91509009,0.1
492038,-279696,0.01,15.3414898,0.1
492038,-273196,0.01,17.46804579,0.1
492038,-266696,0.01,19.879714,0.1
492038,-260196,0.01,14.375019,0.1
492038,-253696,0.01,8.977161873,0.1
492038,-247196,0.01,5.696670709,0.1
492038,-240696,0.01,0.470167693,0.1
492038,-234196,0.01,-1.905711403,0.1
492038,-227696,0.01,-4.562470585,0.1
492038,-221196,0.01,-10.9952711,0.1
492038,-214696,0.01,-13.84794069,0.1
492038,-208196,0.01,-14.24910055,0.1
492038,-201696,0.01,-15.70560783,0.1
492038,-195196,0.01,-15.85494327,0.1
492038,-188696,0.01,-14.0959608,0.1
492038,-182196,0.01,-13.25388592,0.1
492038,-175696,0.01,-15.43336036,0.1
492038,-169196,0.01,-17.82664267,0.1
492038,-162696,0.01,-16.07141089,0.1
492038,-156196,0.01,-14.39629556,0.1
492038,-149696,0.01,-13.77264802,0.1
492038,-143196,0.01,-13.25697755,0.1
492038,-136696,0.01,-9.803606158,0.1
492038,-130196,0.01,-8.315426627,0.1
492038,-123696,0.01,-8.289375059,0.1
492038,-117196,0.01,-6.736937909,0.1
