x,y,z,aCT_REM_nT,std_dev
277538,-331696,0.01,54.70911935,0.1
277538,-325196,0.01,80.84082543,0.1
277538,-318696,0.01,81.99585881,0.1
277538,-312196,0.01,55.35844064,0.1
277538,-305696,0.01,13.01697862,0.1
277538,-299196,0.01,-26.99262635,0.1
277538,-292696,0.01,-42.7837835,0.1
277538,-286196,0.01,-34.24366302,0.1
277538,-279696,0.01,-21.15376819,0.1
277538,-273196,0.01,-11.04120391,0.1
277538,-266696,0.01,-3.403490897,0.1
277538,-260196,0.01,2.758517319,0.1
277538,-253696,0.01,9.551286934,0.1
277538,-247196,0.01,9.593065815,0.1
277538,-240696,0.01,9.871584656,0.1
277538,-234196,0.01,11.14708171,0.1
277538,-227696,0.01,11.9360081,0.1
277538,-221196,0.01,14.09153149,0.1
277538,-214696,0.01,14.57873364,0.1
277538,-208196,0.01,14.85352395,0.1
277538,-201696,0.01,15.6524498,0.1
277538,-195196,0.01,16.79479212,0.1
277538,-188696,0.01,20.62139741,0.1
277538,-182196,0.01,26.79491724,0.1
277538,-175696,0.01,32.26186358,0.1
277538,-169196,0.01,37.79887767,0.1
277538,-162696,0.01,43.25245941,0.1
277538,-156196,0.01,49.9897249,0.1
277538,-149696,0.01,57.77075882,0.1
277538,-143196,0.01,64.51023459,0.1
277538,-136696,0.01,68.88396363,0.1
277538,-130196,0.01,70.14161418,0.1
277538,-123696,0.01,71.22059445,0.1
277538,-117196,0.01,75.28203421,0.1
284038,-331696,0.01,63.55241065,0.1
284038,-325196,0.01,88.09815266,0.1
284038,-318696,0.01,80.71072645,0.1
284038,-312196,0.01,51.00202796,0.1
284038,-305696,0.01,10.74514758,0.1
284038,-299196,0.01,-32.7334835,0.1
284038,-292696,0.01,-48.5832394,0.1
284038,-286196,0.01,-33.42839131,0.1
284038,-279696,0.01,-15.73508136,0.1
284038,-273196,0.01,-6.29915696,0.1
284038,-266696,0.01,-0.78445969,0.1
284038,-260196,0.01,3.792641933,0.1
284038,-253696,0.01,7.90692493,0.1
284038,-247196,0.01,8.429412981,0.1
284038,-240696,0.01,8.715137173,0.1
284038,-234196,0.01,10.27697742,0.1
284038,-227696,0.01,11.25364752,0.1
284038,-221196,0.01,14.36786461,0.1
284038,-214696,0.01,16.65005064,0.1
284038,-208196,0.01,17.17853908,0.1
284038,-201696,0.01,17.90518194,0.1
284038,-195196,0.01,18.38225122,0.1
284038,-188696,0.01,20.93297414,0.1
284038,-182196,0.01,25.70238934,0.1
284038,-175696,0.01,30.73480639,0.1
284038,-169196,0.01,37.16668668,0.1
284038,-162696,0.01,44.75237469,0.1
284038,-156196,0.01,53.33524454,0.1
284038,-149696,0.01,62.47489831,0.1
284038,-143196,0.01,70.69070766,0.1
284038,-136696,0.01,77.82110723,0.1
284038,-130196,0.01,82.94916932,0.1
284038,-123696,0.01,86.49727597,0.1
284038,-117196,0.01,90.92077636,0.1
290538,-331696,0.01,55.09612146,0.1
290538,-325196,0.01,74.5993879,0.1
290538,-318696,0.01,64.20670972,0.1
290538,-312196,0.01,37.22916028,0.1
290538,-305696,0.01,2.967319395,0.1
290538,-299196,0.01,-29.28281724,0.1
290538,-292696,0.01,-40.93003064,0.1
290538,-286196,0.01,-26.9738643,0.1
290538,-279696,0.01,-8.435161903,0.1
290538,-273196,0.01,-0.165861919,0.1
290538,-266696,0.01,2.497358439,0.1
290538,-260196,0.01,4.519637726,0.1
290538,-253696,0.01,5.655696735,0.1
290538,-247196,0.01,5.712941933,0.1
290538,-240696,0.01,7.185591282,0.1
290538,-234196,0.01,10.10910508,0.1
290538,-227696,0.01,11.86246468,0.1
290538,-221196,0.01,15.0364975,0.1
290538,-214696,0.01,17.86769889,0.1
290538,-208196,0.01,18.4868494,0.1
290538,-201696,0.01,19.74915868,0.1
290538,-195196,0.01,20.06235592,0.1
290538,-188696,0.01,21.68042198,0.1
290538,-182196,0.01,24.24637772,0.1
290538,-175696,0.01,29.11758562,0.1
290538,-169196,0.01,36.11599811,0.1
290538,-162696,0.01,45.47213343,0.1
290538,-156196,0.01,56.64318826,0.1
290538,-149696,0.01,68.22441244,0.1
290538,-143196,0.01,78.65216962,0.1
290538,-136696,0.01,88.5814614,0.1
290538,-130196,0.01,96.4697146,0.1
290538,-123696,0.01,101.2139809,0.1
290538,-117196,0.01,104.2091655,0.1
297038,-331696,0.01,35.49744598,0.1
297038,-325196,0.01,48.78801829,0.1
297038,-318696,0.01,41.96510687,0.1
297038,-312196,0.01,21.34439302,0.1
297038,-305696,0.01,-2.059719781,0.1
297038,-299196,0.01,-19.75847919,0.1
297038,-292696,0.01,-26.86488417,0.1
297038,-286196,0.01,-17.56109299,0.1
297038,-279696,0.01,-4.372291906,0.1
297038,-273196,0.01,3.567072355,0.1
297038,-266696,0.01,3.634090378,0.1
297038,-260196,0.01,2.405671339,0.1
297038,-253696,0.01,2.908377605,0.1
297038,-247196,0.01,3.342475386,0.1
297038,-240696,0.01,6.342456028,0.1
297038,-234196,0.01,10.540978,0.1
297038,-227696,0.01,13.21640926,0.1
297038,-221196,0.01,16.23971353,0.1
297038,-214696,0.01,18.35595297,0.1
297038,-208196,0.01,19.52830814,0.1
297038,-201696,0.01,21.26159551,0.1
297038,-195196,0.01,21.79817978,0.1
297038,-188696,0.01,22.71676838,0.1
297038,-182196,0.01,23.41384189,0.1
297038,-175696,0.01,26.67735555,0.1
297038,-169196,0.01,34.3540564,0.1
297038,-162696,0.01,44.77645218,0.1
297038,-156196,0.01,58.6470415,0.1
297038,-149696,0.01,73.75580996,0.1
297038,-143196,0.01,88.7322698,0.1
297038,-136696,0.01,101.601421,0.1
297038,-130196,0.01,110.4418706,0.1
297038,-123696,0.01,114.9098791,0.1
297038,-117196,0.01,115.8433051,0.1
303538,-331696,0.01,13.19247331,0.1
303538,-325196,0.01,21.46724822,0.1
303538,-318696,0.01,20.59630937,0.1
303538,-312196,0.01,11.10184566,0.1
303538,-305696,0.01,-1.483552068,0.1
303538,-299196,0.01,-10.78972526,0.1
303538,-292696,0.01,-13.550893,0.1
303538,-286196,0.01,-7.677719372,0.1
303538,-279696,0.01,-0.722549596,0.1
303538,-273196,0.01,3.377393482,0.1
303538,-266696,0.01,1.7886378,0.1
303538,-260196,0.01,-1.050614492,0.1
303538,-253696,0.01,-0.368170858,0.1
303538,-247196,0.01,1.335215582,0.1
303538,-240696,0.01,5.346986764,0.1
303538,-234196,0.01,10.73892143,0.1
303538,-227696,0.01,14.48913788,0.1
303538,-221196,0.01,17.80798857,0.1
303538,-214696,0.01,19.67123099,0.1
303538,-208196,0.01,21.35273801,0.1
303538,-201696,0.01,23.53508661,0.1
303538,-195196,0.01,24.08560342,0.1
303538,-188696,0.01,23.68987077,0.1
303538,-182196,0.01,22.83027517,0.1
303538,-175696,0.01,24.54317565,0.1
303538,-169196,0.01,31.06807627,0.1
303538,-162696,0.01,41.53469462,0.1
303538,-156196,0.01,57.85991481,0.1
303538,-149696,0.01,77.69644519,0.1
303538,-143196,0.01,99.2073553,0.1
303538,-136696,0.01,116.7157913,0.1
303538,-130196,0.01,126.850125,0.1
303538,-123696,0.01,129.6629875,0.1
303538,-117196,0.01,126.3923045,0.1
310038,-331696,0.01,-7.841432029,0.1
310038,-325196,0.01,-0.393096856,0.1
310038,-318696,0.01,4.691369437,0.1
310038,-312196,0.01,4.2636277,0.1
310038,-305696,0.01,-0.660111764,0.1
310038,-299196,0.01,-4.331485993,0.1
310038,-292696,0.01,-3.882359958,0.1
310038,-286196,0.01,-0.367866385,0.1
310038,-279696,0.01,2.155474241,0.1
310038,-273196,0.01,2.070617719,0.1
310038,-266696,0.01,-0.918472959,0.1
310038,-260196,0.01,-3.988403934,0.1
310038,-253696,0.01,-3.703003885,0.1
310038,-247196,0.01,-1.404850759,0.1
310038,-240696,0.01,3.605654188,0.1
310038,-234196,0.01,10.19176702,0.1
310038,-227696,0.01,15.32371473,0.1
310038,-221196,0.01,19.64483715,0.1
310038,-214696,0.01,22.05673903,0.1
310038,-208196,0.01,24.14573938,0.1
310038,-201696,0.01,26.83447574,0.1
310038,-195196,0.01,26.8955242,0.1
310038,-188696,0.01,25.38347326,0.1
310038,-182196,0.01,23.25037555,0.1
310038,-175696,0.01,22.57457092,0.1
310038,-169196,0.01,25.77895641,0.1
310038,-162696,0.01,35.30072944,0.1
310038,-156196,0.01,54.17988583,0.1
310038,-149696,0.01,79.07091193,0.1
310038,-143196,0.01,108.1327645,0.1
310038,-136696,0.01,133.3755848,0.1
310038,-130196,0.01,146.606215,0.1
310038,-123696,0.01,146.6569393,0.1
310038,-117196,0.01,137.4379374,0.1
316538,-331696,0.01,-25.20061759,0.1
316538,-325196,0.01,-14.73723993,0.1
316538,-318696,0.01,-3.737473353,0.1
316538,-312196,0.01,0.179518829,0.1
316538,-305696,0.01,-0.031475759,0.1
316538,-299196,0.01,-0.319139028,0.1
316538,-292696,0.01,0.596502548,0.1
316538,-286196,0.01,3.187020433,0.1
316538,-279696,0.01,3.719491301,0.1
316538,-273196,0.01,1.25933356,0.1
316538,-266696,0.01,-3.632045314,0.1
316538,-260196,0.01,-7.191417376,0.1
316538,-253696,0.01,-6.656602619,0.1
316538,-247196,0.01,-4.147436654,0.1
316538,-240696,0.01,1.124818128,0.1
316538,-234196,0.01,8.992847418,0.1
316538,-227696,0.01,15.81203562,0.1
316538,-221196,0.01,21.68192413,0.1
316538,-214696,0.01,24.50277449,0.1
316538,-208196,0.01,26.74300739,0.1
316538,-201696,0.01,30.07133225,0.1
316538,-195196,0.01,30.54110749,0.1
316538,-188696,0.01,28.96757754,0.1
316538,-182196,0.01,24.96773679,0.1
316538,-175696,0.01,20.51907229,0.1
316538,-169196,0.01,20.9970782,0.1
316538,-162696,0.01,27.59004548,0.1
316538,-156196,0.01,45.67189199,0.1
316538,-149696,0.01,74.97370926,0.1
316538,-143196,0.01,115.2914732,0.1
316538,-136696,0.01,152.3119261,0.1
316538,-130196,0.01,169.6657128,0.1
316538,-123696,0.01,163.7861401,0.1
316538,-117196,0.01,147.4870774,0.1
323038,-331696,0.01,-34.96858547,0.1
323038,-325196,0.01,-22.63356648,0.1
323038,-318696,0.01,-9.31533156,0.1
323038,-312196,0.01,-2.750948058,0.1
323038,-305696,0.01,-0.188053138,0.1
323038,-299196,0.01,1.121259214,0.1
323038,-292696,0.01,2.270003459,0.1
323038,-286196,0.01,3.978887115,0.1
323038,-279696,0.01,3.744173865,0.1
323038,-273196,0.01,0.244766007,0.1
323038,-266696,0.01,-5.699209993,0.1
323038,-260196,0.01,-9.32289386,0.1
323038,-253696,0.01,-8.426361327,0.1
323038,-247196,0.01,-5.926977416,0.1
323038,-240696,0.01,-0.951795388,0.1
323038,-234196,0.01,7.307969109,0.1
323038,-227696,0.01,16.10544341,0.1
323038,-221196,0.01,23.48854264,0.1
323038,-214696,0.01,26.02016485,0.1
323038,-208196,0.01,27.80764276,0.1
323038,-201696,0.01,31.82641556,0.1
323038,-195196,0.01,33.54382091,0.1
323038,-188696,0.01,33.19696735,0.1
323038,-182196,0.01,27.52243426,0.1
323038,-175696,0.01,19.9830048,0.1
323038,-169196,0.01,18.31391939,0.1
323038,-162696,0.01,23.81216714,0.1
323038,-156196,0.01,36.56950295,0.1
323038,-149696,0.01,66.6595214,0.1
323038,-143196,0.01,115.8149419,0.1
323038,-136696,0.01,169.8420742,0.1
323038,-130196,0.01,192.0127735,0.1
323038,-123696,0.01,179.6368081,0.1
323038,-117196,0.01,154.1488915,0.1
329538,-331696,0.01,-38.48350583,0.1
329538,-325196,0.01,-26.46859497,0.1
329538,-318696,0.01,-13.64318246,0.1
329538,-312196,0.01,-5.390550071,0.1
329538,-305696,0.01,-1.107047437,0.1
329538,-299196,0.01,1.042898365,0.1
329538,-292696,0.01,2.141843743,0.1
329538,-286196,0.01,3.134338382,0.1
329538,-279696,0.01,1.643842438,0.1
329538,-273196,0.01,-2.032370009,0.1
329538,-266696,0.01,-6.593810831,0.1
329538,-260196,0.01,-9.431084155,0.1
329538,-253696,0.01,-8.707886759,0.1
329538,-247196,0.01,-5.972868298,0.1
329538,-240696,0.01,-0.994593861,0.1
329538,-234196,0.01,7.144238233,0.1
329538,-227696,0.01,15.84969078,0.1
329538,-221196,0.01,23.26514566,0.1
329538,-214696,0.01,26.51338732,0.1
329538,-208196,0.01,28.89996143,0.1
329538,-201696,0.01,32.37084349,0.1
329538,-195196,0.01,33.64753784,0.1
329538,-188696,0.01,32.55145751,0.1
329538,-182196,0.01,27.16869949,0.1
329538,-175696,0.01,20.80766425,0.1
329538,-169196,0.01,19.34481694,0.1
329538,-162696,0.01,25.51310942,0.1
329538,-156196,0.01,37.97399308,0.1
329538,-149696,0.01,67.92729371,0.1
329538,-143196,0.01,117.5083545,0.1
329538,-136696,0.01,176.2400611,0.1
329538,-130196,0.01,199.4887061,0.1
329538,-123696,0.01,185.7660256,0.1
329538,-117196,0.01,157.3021922,0.1
336038,-331696,0.01,-40.42891063,0.1
336038,-325196,0.01,-28.92347641,0.1
336038,-318696,0.01,-16.32992121,0.1
336038,-312196,0.01,-7.107569828,0.1
336038,-305696,0.01,-2.16042228,0.1
336038,-299196,0.01,0.19740604,0.1
336038,-292696,0.01,0.945967296,0.1
336038,-286196,0.01,1.116614764,0.1
336038,-279696,0.01,-0.992565354,0.1
336038,-273196,0.01,-3.882842929,0.1
336038,-266696,0.01,-6.744318251,0.1
336038,-260196,0.01,-8.701320831,0.1
336038,-253696,0.01,-7.75503981,0.1
336038,-247196,0.01,-4.731124343,0.1
336038,-240696,0.01,0.397742778,0.1
336038,-234196,0.01,8.187437063,0.1
336038,-227696,0.01,15.35595862,0.1
336038,-221196,0.01,21.90071069,0.1
336038,-214696,0.01,26.50613993,0.1
336038,-208196,0.01,29.16222589,0.1
336038,-201696,0.01,31.31007398,0.1
336038,-195196,0.01,30.199366,0.1
336038,-188696,0.01,27.46492845,0.1
336038,-182196,0.01,24.08088638,0.1
336038,-175696,0.01,22.08850917,0.1
336038,-169196,0.01,23.46224185,0.1
336038,-162696,0.01,32.12222113,0.1
336038,-156196,0.01,50.75999729,0.1
336038,-149696,0.01,83.0850776,0.1
336038,-143196,0.01,128.0122413,0.1
336038,-136696,0.01,171.5284767,0.1
336038,-130196,0.01,189.4652355,0.1
336038,-123696,0.01,179.4788747,0.1
336038,-117196,0.01,154.398248,0.1
342538,-331696,0.01,-42.20152891,0.1
342538,-325196,0.01,-31.23977283,0.1
342538,-318696,0.01,-18.1432039,0.1
342538,-312196,0.01,-8.307273595,0.1
342538,-305696,0.01,-3.349447713,0.1
342538,-299196,0.01,-0.977950039,0.1
342538,-292696,0.01,-0.307257355,0.1
342538,-286196,0.01,-0.888368075,0.1
342538,-279696,0.01,-2.422905493,0.1
342538,-273196,0.01,-4.656724719,0.1
342538,-266696,0.01,-6.279205139,0.1
342538,-260196,0.01,-7.711866843,0.1
342538,-253696,0.01,-6.57140406,0.1
342538,-247196,0.01,-3.407959023,0.1
342538,-240696,0.01,1.672031683,0.1
342538,-234196,0.01,8.751129798,0.1
342538,-227696,0.01,14.76283908,0.1
342538,-221196,0.01,20.82385619,0.1
342538,-214696,0.01,25.76234257,0.1
342538,-208196,0.01,28.26200571,0.1
342538,-201696,0.01,28.68714236,0.1
342538,-195196,0.01,26.43217261,0.1
342538,-188696,0.01,22.82397289,0.1
342538,-182196,0.01,21.82719808,0.1
342538,-175696,0.01,23.96745551,0.1
342538,-169196,0.01,29.37795718,0.1
342538,-162696,0.01,42.42129716,0.1
342538,-156196,0.01,66.22487203,0.1
342538,-149696,0.01,98.60837688,0.1
342538,-143196,0.01,135.4961931,0.1
342538,-136696,0.01,164.9644471,0.1
342538,-130196,0.01,178.2749898,0.1
342538,-123696,0.01,169.600183,0.1
342538,-117196,0.01,148.0071716,0.1
349038,-331696,0.01,-44.39150451,0.1
349038,-325196,0.01,-32.7039892,0.1
349038,-318696,0.01,-20.06755967,0.1
349038,-312196,0.01,-10.32639304,0.1
349038,-305696,0.01,-4.982496559,0.1
349038,-299196,0.01,-2.42105535,0.1
349038,-292696,0.01,-1.253847319,0.1
349038,-286196,0.01,-1.168500745,0.1
349038,-279696,0.01,-2.396206413,0.1
349038,-273196,0.01,-4.335858622,0.1
349038,-266696,0.01,-5.610540472,0.1
349038,-260196,0.01,-6.949574971,0.1
349038,-253696,0.01,-5.590251413,0.1
349038,-247196,0.01,-2.56895757,0.1
349038,-240696,0.01,2.209873134,0.1
349038,-234196,0.01,8.590623945,0.1
349038,-227696,0.01,14.08347637,0.1
349038,-221196,0.01,19.57697318,0.1
349038,-214696,0.01,23.99151215,0.1
349038,-208196,0.01,26.75776654,0.1
349038,-201696,0.01,26.39768414,0.1
349038,-195196,0.01,24.23756225,0.1
349038,-188696,0.01,21.96789641,0.1
349038,-182196,0.01,21.59984502,0.1
349038,-175696,0.01,25.2874094,0.1
349038,-169196,0.01,35.56527525,0.1
349038,-162696,0.01,51.61805069,0.1
349038,-156196,0.01,76.34405173,0.1
349038,-149696,0.01,107.2686715,0.1
349038,-143196,0.01,138.7829911,0.1
349038,-136696,0.01,162.7078915,0.1
349038,-130196,0.01,172.681173,0.1
349038,-123696,0.01,163.4826303,0.1
349038,-117196,0.01,142.2324292,0.1
355538,-331696,0.01,-45.81001726,0.1
355538,-325196,0.01,-34.12476217,0.1
355538,-318696,0.01,-22.04048728,0.1
355538,-312196,0.01,-12.65065977,0.1
355538,-305696,0.01,-6.688559487,0.1
355538,-299196,0.01,-3.564475015,0.1
355538,-292696,0.01,-1.398382469,0.1
355538,-286196,0.01,-0.510249568,0.1
355538,-279696,0.01,-1.579863569,0.1
355538,-273196,0.01,-3.297092951,0.1
355538,-266696,0.01,-4.801464692,0.1
355538,-260196,0.01,-6.292626987,0.1
355538,-253696,0.01,-5.020743102,0.1
355538,-247196,0.01,-2.386117403,0.1
355538,-240696,0.01,2.002209606,0.1
355538,-234196,0.01,8.15861806,0.1
355538,-227696,0.01,13.42791066,0.1
355538,-221196,0.01,18.6452763,0.1
355538,-214696,0.01,22.55187108,0.1
355538,-208196,0.01,25.32106667,0.1
355538,-201696,0.01,25.00109144,0.1
355538,-195196,0.01,23.46708727,0.1
355538,-188696,0.01,22.61115542,0.1
355538,-182196,0.01,21.2638277,0.1
355538,-175696,0.01,26.09948325,0.1
355538,-169196,0.01,38.71098386,0.1
355538,-162696,0.01,55.36629893,0.1
355538,-156196,0.01,79.04159016,0.1
355538,-149696,0.01,109.1260385,0.1
355538,-143196,0.01,140.9432382,0.1
355538,-136696,0.01,164.8237329,0.1
355538,-130196,0.01,174.3502651,0.1
355538,-123696,0.01,164.2005685,0.1
355538,-117196,0.01,140.2424122,0.1
362038,-331696,0.01,-45.51899979,0.1
362038,-325196,0.01,-34.94664164,0.1
362038,-318696,0.01,-23.37841612,0.1
362038,-312196,0.01,-14.60520974,0.1
362038,-305696,0.01,-8.825659277,0.1
362038,-299196,0.01,-4.568793508,0.1
362038,-292696,0.01,-1.766218348,0.1
362038,-286196,0.01,0.688468184,0.1
362038,-279696,0.01,0.456559895,0.1
362038,-273196,0.01,-1.426469872,0.1
362038,-266696,0.01,-3.557504538,0.1
362038,-260196,0.01,-5.570238549,0.1
362038,-253696,0.01,-5.058369819,0.1
362038,-247196,0.01,-3.188586065,0.1
362038,-240696,0.01,0.995484484,0.1
362038,-234196,0.01,7.988372626,0.1
362038,-227696,0.01,13.43872877,0.1
362038,-221196,0.01,18.51175128,0.1
362038,-214696,0.01,21.99982264,0.1
362038,-208196,0.01,24.09839828,0.1
362038,-201696,0.01,23.53803786,0.1
362038,-195196,0.01,23.49522126,0.1
362038,-188696,0.01,22.71197268,0.1
362038,-182196,0.01,21.92901677,0.1
362038,-175696,0.01,26.39258077,0.1
362038,-169196,0.01,37.45088118,0.1
362038,-162696,0.01,52.24127952,0.1
362038,-156196,0.01,73.97237,0.1
362038,-149696,0.01,103.3439706,0.1
362038,-143196,0.01,140.6057842,0.1
362038,-136696,0.01,171.1383729,0.1
362038,-130196,0.01,183.8498787,0.1
362038,-123696,0.01,171.0840759,0.1
362038,-117196,0.01,144.5332873,0.1
368538,-331696,0.01,-43.59854113,0.1
368538,-325196,0.01,-33.62489415,0.1
368538,-318696,0.01,-23.62065368,0.1
368538,-312196,0.01,-16.54198793,0.1
368538,-305696,0.01,-11.0605267,0.1
368538,-299196,0.01,-6.466125185,0.1
368538,-292696,0.01,-2.43818403,0.1
368538,-286196,0.01,2.343512812,0.1
368538,-279696,0.01,3.848988484,0.1
368538,-273196,0.01,1.512905114,0.1
368538,-266696,0.01,-2.067416766,0.1
368538,-260196,0.01,-4.814114949,0.1
368538,-253696,0.01,-5.230634274,0.1
368538,-247196,0.01,-4.307420936,0.1
368538,-240696,0.01,-0.345492295,0.1
368538,-234196,0.01,7.774934928,0.1
368538,-227696,0.01,14.38546314,0.1
368538,-221196,0.01,18.82160021,0.1
368538,-214696,0.01,21.55710938,0.1
368538,-208196,0.01,22.93373789,0.1
368538,-201696,0.01,22.92459025,0.1
368538,-195196,0.01,22.56848679,0.1
368538,-188696,0.01,22.65964444,0.1
368538,-182196,0.01,23.38813379,0.1
368538,-175696,0.01,26.5921773,0.1
368538,-169196,0.01,34.48859827,0.1
368538,-162696,0.01,44.96729544,0.1
368538,-156196,0.01,61.14080934,0.1
368538,-149696,0.01,89.63533269,0.1
368538,-143196,0.01,133.2862139,0.1
368538,-136696,0.01,177.0677835,0.1
368538,-130196,0.01,195.2262317,0.1
368538,-123696,0.01,182.0561966,0.1
368538,-117196,0.01,151.8751236,0.1
375038,-331696,0.01,-39.75561525,0.1
375038,-325196,0.01,-31.01419933,0.1
375038,-318696,0.01,-22.8028294,0.1
375038,-312196,0.01,-17.21336965,0.1
375038,-305696,0.01,-12.9897671,0.1
375038,-299196,0.01,-8.664561077,0.1
375038,-292696,0.01,-3.564420174,0.1
375038,-286196,0.01,3.785720275,0.1
375038,-279696,0.01,7.569663579,0.1
375038,-273196,0.01,4.53326232,0.1
375038,-266696,0.01,-0.588975874,0.1
375038,-260196,0.01,-4.000392587,0.1
375038,-253696,0.01,-4.729547701,0.1
375038,-247196,0.01,-4.743227171,0.1
375038,-240696,0.01,-1.146566778,0.1
375038,-234196,0.01,7.748627288,0.1
375038,-227696,0.01,15.07463828,0.1
375038,-221196,0.01,18.86355114,0.1
375038,-214696,0.01,20.65819333,0.1
375038,-208196,0.01,21.78241787,0.1
375038,-201696,0.01,22.19391013,0.1
375038,-195196,0.01,21.96921566,0.1
375038,-188696,0.01,22.68465817,0.1
375038,-182196,0.01,23.84384699,0.1
375038,-175696,0.01,25.80607946,0.1
375038,-169196,0.01,31.24334948,0.1
375038,-162696,0.01,38.54016117,0.1
375038,-156196,0.01,48.14852618,0.1
375038,-149696,0.01,72.65502546,0.1
375038,-143196,0.01,122.1762378,0.1
375038,-136696,0.01,177.5167712,0.1
375038,-130196,0.01,199.1802252,0.1
375038,-123696,0.01,186.1235565,0.1
375038,-117196,0.01,155.6816369,0.1
381538,-331696,0.01,-35.0932411,0.1
381538,-325196,0.01,-28.01483441,0.1
381538,-318696,0.01,-21.28644382,0.1
381538,-312196,0.01,-16.72080539,0.1
381538,-305696,0.01,-13.64981266,0.1
381538,-299196,0.01,-9.931902841,0.1
381538,-292696,0.01,-3.719954137,0.1
381538,-286196,0.01,4.34015095,0.1
381538,-279696,0.01,8.334126034,0.1
381538,-273196,0.01,5.571953079,0.1
381538,-266696,0.01,0.612742543,0.1
381538,-260196,0.01,-2.706197842,0.1
381538,-253696,0.01,-3.395347701,0.1
381538,-247196,0.01,-3.513951614,0.1
381538,-240696,0.01,0.014914831,0.1
381538,-234196,0.01,8.146248419,0.1
381538,-227696,0.01,14.75258766,0.1
381538,-221196,0.01,18.81048933,0.1
381538,-214696,0.01,20.2620989,0.1
381538,-208196,0.01,20.52400578,0.1
381538,-201696,0.01,20.90020281,0.1
381538,-195196,0.01,21.29097931,0.1
381538,-188696,0.01,22.08400444,0.1
381538,-182196,0.01,22.63839619,0.1
381538,-175696,0.01,23.67229989,0.1
381538,-169196,0.01,26.10556094,0.1
381538,-162696,0.01,30.5331311,0.1
381538,-156196,0.01,37.86933231,0.1
381538,-149696,0.01,62.35667096,0.1
381538,-143196,0.01,115.3745164,0.1
381538,-136696,0.01,168.7335173,0.1
381538,-130196,0.01,190.80095,0.1
381538,-123696,0.01,181.3497326,0.1
381538,-117196,0.01,156.3936899,0.1
388038,-331696,0.01,-31.40578935,0.1
388038,-325196,0.01,-25.62876122,0.1
388038,-318696,0.01,-20.06193455,0.1
388038,-312196,0.01,-16.37799549,0.1
388038,-305696,0.01,-13.31194031,0.1
388038,-299196,0.01,-9.035203082,0.1
388038,-292696,0.01,-3.205882871,0.1
388038,-286196,0.01,3.430688888,0.1
388038,-279696,0.01,6.082021466,0.1
388038,-273196,0.01,4.342242523,0.1
388038,-266696,0.01,1.023032796,0.1
388038,-260196,0.01,-1.306877648,0.1
388038,-253696,0.01,-1.474692278,0.1
388038,-247196,0.01,-1.143621707,0.1
388038,-240696,0.01,2.23213502,0.1
388038,-234196,0.01,9.199359428,0.1
388038,-227696,0.01,15.01887448,0.1
388038,-221196,0.01,19.13741044,0.1
388038,-214696,0.01,20.30445709,0.1
388038,-208196,0.01,19.87082117,0.1
388038,-201696,0.01,19.98744538,0.1
388038,-195196,0.01,20.45352279,0.1
388038,-188696,0.01,21.06298754,0.1
388038,-182196,0.01,20.80598442,0.1
388038,-175696,0.01,20.16368177,0.1
388038,-169196,0.01,20.30822598,0.1
388038,-162696,0.01,22.95319299,0.1
388038,-156196,0.01,29.47843889,0.1
388038,-149696,0.01,53.55159932,0.1
388038,-143196,0.01,104.3993523,0.1
388038,-136696,0.01,154.3186821,0.1
388038,-130196,0.01,176.3930091,0.1
388038,-123696,0.01,172.8307425,0.1
388038,-117196,0.01,156.091635,0.1
394538,-331696,0.01,-29.34983821,0.1
394538,-325196,0.01,-24.2411444,0.1
394538,-318696,0.01,-19.61701902,0.1
394538,-312196,0.01,-16.44289084,0.1
394538,-305696,0.01,-12.83194983,0.1
394538,-299196,0.01,-7.915672837,0.1
394538,-292696,0.01,-3.644487367,0.1
394538,-286196,0.01,0.873629441,0.1
394538,-279696,0.01,2.701457232,0.1
394538,-273196,0.01,2.144661286,0.1
394538,-266696,0.01,0.924039227,0.1
394538,-260196,0.01,-0.323641367,0.1
394538,-253696,0.01,0.247055025,0.1
394538,-247196,0.01,1.397875205,0.1
394538,-240696,0.01,4.944708655,0.1
394538,-234196,0.01,10.78680668,0.1
394538,-227696,0.01,15.78084768,0.1
394538,-221196,0.01,19.52932587,0.1
394538,-214696,0.01,20.79606653,0.1
394538,-208196,0.01,20.48735863,0.1
394538,-201696,0.01,20.56352364,0.1
394538,-195196,0.01,20.68144689,0.1
394538,-188696,0.01,20.20939004,0.1
394538,-182196,0.01,18.63306549,0.1
394538,-175696,0.01,17.40418689,0.1
394538,-169196,0.01,16.34148402,0.1
394538,-162696,0.01,18.437146,0.1
394538,-156196,0.01,25.78435981,0.1
394538,-149696,0.01,45.56618741,0.1
394538,-143196,0.01,87.04172322,0.1
394538,-136696,0.01,131.8163682,0.1
394538,-130196,0.01,153.9308164,0.1
394538,-123696,0.01,157.7004022,0.1
394538,-117196,0.01,151.4152452,0.1
401038,-331696,0.01,-26.48950961,0.1
401038,-325196,0.01,-23.89842688,0.1
401038,-318696,0.01,-20.07366878,0.1
401038,-312196,0.01,-16.85093117,0.1
401038,-305696,0.01,-13.22768677,0.1
401038,-299196,0.01,-8.465015209,0.1
401038,-292696,0.01,-5.626177944,0.1
401038,-286196,0.01,-2.254906482,0.1
401038,-279696,0.01,-0.56038667,0.1
401038,-273196,0.01,-0.077255652,0.1
401038,-266696,0.01,0.218052527,0.1
401038,-260196,0.01,0.059362333,0.1
401038,-253696,0.01,1.497459362,0.1
401038,-247196,0.01,3.350926785,0.1
401038,-240696,0.01,7.051202397,0.1
401038,-234196,0.01,12.26052188,0.1
401038,-227696,0.01,16.70100251,0.1
401038,-221196,0.01,19.95041912,0.1
401038,-214696,0.01,21.72869207,0.1
401038,-208196,0.01,22.02655388,0.1
401038,-201696,0.01,22.38144779,0.1
401038,-195196,0.01,22.28386564,0.1
401038,-188696,0.01,20.48615342,0.1
401038,-182196,0.01,17.42506223,0.1
401038,-175696,0.01,16.29424618,0.1
401038,-169196,0.01,15.86759146,0.1
401038,-162696,0.01,17.15158201,0.1
401038,-156196,0.01,25.53317529,0.1
401038,-149696,0.01,41.60836517,0.1
401038,-143196,0.01,71.03230393,0.1
401038,-136696,0.01,104.3369596,0.1
401038,-130196,0.01,125.7810567,0.1
401038,-123696,0.01,134.255448,0.1
401038,-117196,0.01,143.1471751,0.1
407538,-331696,0.01,-22.10133465,0.1
407538,-325196,0.01,-24.01181941,0.1
407538,-318696,0.01,-21.2694132,0.1
407538,-312196,0.01,-17.89411912,0.1
407538,-305696,0.01,-14.35662802,0.1
407538,-299196,0.01,-10.43654161,0.1
407538,-292696,0.01,-8.676437292,0.1
407538,-286196,0.01,-5.178211551,0.1
407538,-279696,0.01,-3.446252595,0.1
407538,-273196,0.01,-2.432309517,0.1
407538,-266696,0.01,-0.970175949,0.1
407538,-260196,0.01,-0.210511159,0.1
407538,-253696,0.01,1.755347197,0.1
407538,-247196,0.01,4.470725533,0.1
407538,-240696,0.01,7.931498198,0.1
407538,-234196,0.01,12.6567917,0.1
407538,-227696,0.01,17.12150455,0.1
407538,-221196,0.01,20.3903343,0.1
407538,-214696,0.01,23.15235382,0.1
407538,-208196,0.01,24.32815385,0.1
407538,-201696,0.01,24.8190975,0.1
407538,-195196,0.01,24.58206678,0.1
407538,-188696,0.01,22.63720817,0.1
407538,-182196,0.01,19.60631684,0.1
407538,-175696,0.01,15.93224919,0.1
407538,-169196,0.01,15.72040659,0.1
407538,-162696,0.01,16.26811881,0.1
407538,-156196,0.01,23.73200447,0.1
407538,-149696,0.01,36.97858671,0.1
407538,-143196,0.01,56.4617961,0.1
407538,-136696,0.01,82.95100942,0.1
407538,-130196,0.01,106.3480852,0.1
407538,-123696,0.01,123.3004361,0.1
407538,-117196,0.01,141.7682677,0.1
414038,-331696,0.01,-18.05074728,0.1
414038,-325196,0.01,-22.47053407,0.1
414038,-318696,0.01,-21.29645679,0.1
414038,-312196,0.01,-18.84351137,0.1
414038,-305696,0.01,-15.62539267,0.1
414038,-299196,0.01,-12.79681356,0.1
414038,-292696,0.01,-11.47689706,0.1
414038,-286196,0.01,-8.162068882,0.1
414038,-279696,0.01,-6.202177774,0.1
414038,-273196,0.01,-4.674411393,0.1
414038,-266696,0.01,-2.694853828,0.1
414038,-260196,0.01,-1.369545661,0.1
414038,-253696,0.01,1.367640175,0.1
414038,-247196,0.01,4.610689066,0.1
414038,-240696,0.01,7.827707177,0.1
414038,-234196,0.01,12.80841739,0.1
414038,-227696,0.01,16.54981851,0.1
414038,-221196,0.01,20.33383785,0.1
414038,-214696,0.01,23.93966826,0.1
414038,-208196,0.01,26.30641581,0.1
414038,-201696,0.01,27.7080966,0.1
414038,-195196,0.01,27.53736739,0.1
414038,-188696,0.01,25.80656247,0.1
414038,-182196,0.01,23.55511895,0.1
414038,-175696,0.01,15.79647054,0.1
414038,-169196,0.01,12.81620373,0.1
414038,-162696,0.01,12.40734385,0.1
414038,-156196,0.01,18.06575784,0.1
414038,-149696,0.01,30.36401488,0.1
414038,-143196,0.01,47.07280014,0.1
414038,-136696,0.01,72.39416756,0.1
414038,-130196,0.01,100.1528367,0.1
414038,-123696,0.01,124.7283807,0.1
414038,-117196,0.01,143.9240169,0.1
420538,-331696,0.01,-15.1373211,0.1
420538,-325196,0.01,-19.28186973,0.1
420538,-318696,0.01,-19.63652514,0.1
420538,-312196,0.01,-18.5782462,0.1
420538,-305696,0.01,-16.58836394,0.1
420538,-299196,0.01,-15.02710664,0.1
420538,-292696,0.01,-13.5132441,0.1
420538,-286196,0.01,-10.86276626,0.1
420538,-279696,0.01,-8.975377396,0.1
420538,-273196,0.01,-6.883640187,0.1
420538,-266696,0.01,-4.663382881,0.1
420538,-260196,0.01,-3.482025727,0.1
420538,-253696,0.01,0.236761061,0.1
420538,-247196,0.01,4.068801856,0.1
420538,-240696,0.01,7.797567386,0.1
420538,-234196,0.01,12.14937263,0.1
420538,-227696,0.01,14.85115777,0.1
420538,-221196,0.01,19.37799684,0.1
420538,-214696,0.01,23.84168063,0.1
420538,-208196,0.01,27.33694994,0.1
420538,-201696,0.01,30.04218798,0.1
420538,-195196,0.01,30.66102132,0.1
420538,-188696,0.01,27.82306274,0.1
420538,-182196,0.01,23.01516152,0.1
420538,-175696,0.01,14.91729678,0.1
420538,-169196,0.01,10.55092374,0.1
420538,-162696,0.01,9.243182335,0.1
420538,-156196,0.01,12.80249227,0.1
420538,-149696,0.01,23.08199772,0.1
420538,-143196,0.01,42.75688954,0.1
420538,-136696,0.01,70.85557738,0.1
420538,-130196,0.01,100.990957,0.1
420538,-123696,0.01,126.9813451,0.1
420538,-117196,0.01,144.1326187,0.1
427038,-331696,0.01,-12.62073682,0.1
427038,-325196,0.01,-16.26643511,0.1
427038,-318696,0.01,-17.23769243,0.1
427038,-312196,0.01,-17.32373215,0.1
427038,-305696,0.01,-17.01927846,0.1
427038,-299196,0.01,-15.96053934,0.1
427038,-292696,0.01,-14.56108579,0.1
427038,-286196,0.01,-12.4524388,0.1
427038,-279696,0.01,-11.25659415,0.1
427038,-273196,0.01,-9.196127722,0.1
427038,-266696,0.01,-7.098720856,0.1
427038,-260196,0.01,-4.920403488,0.1
427038,-253696,0.01,-0.671149773,0.1
427038,-247196,0.01,3.267085909,0.1
427038,-240696,0.01,7.314841533,0.1
427038,-234196,0.01,10.34531422,0.1
427038,-227696,0.01,12.81938784,0.1
427038,-221196,0.01,17.05728131,0.1
427038,-214696,0.01,21.82652485,0.1
427038,-208196,0.01,26.61752746,0.1
427038,-201696,0.01,31.45057614,0.1
427038,-195196,0.01,33.39310969,0.1
427038,-188696,0.01,27.0369386,0.1
427038,-182196,0.01,17.70506031,0.1
427038,-175696,0.01,11.56670948,0.1
427038,-169196,0.01,7.157561464,0.1
427038,-162696,0.01,7.741228859,0.1
427038,-156196,0.01,8.930617172,0.1
427038,-149696,0.01,15.19713709,0.1
427038,-143196,0.01,41.4989572,0.1
427038,-136696,0.01,76.35980319,0.1
427038,-130196,0.01,108.7813633,0.1
427038,-123696,0.01,132.0108859,0.1
427038,-117196,0.01,143.7096763,0.1
433538,-331696,0.01,-10.02361987,0.1
433538,-325196,0.01,-13.57050431,0.1
433538,-318696,0.01,-15.12005313,0.1
433538,-312196,0.01,-16.07237917,0.1
433538,-305696,0.01,-16.53903942,0.1
433538,-299196,0.01,-14.83282497,0.1
433538,-292696,0.01,-14.11675405,0.1
433538,-286196,0.01,-12.29402406,0.1
433538,-279696,0.01,-11.63221083,0.1
433538,-273196,0.01,-11.32084046,0.1
433538,-266696,0.01,-9.588703685,0.1
433538,-260196,0.01,-5.751594646,0.1
433538,-253696,0.01,-0.396776745,0.1
433538,-247196,0.01,3.723118135,0.1
433538,-240696,0.01,7.000281625,0.1
433538,-234196,0.01,8.524509473,0.1
433538,-227696,0.01,10.03266254,0.1
433538,-221196,0.01,13.25181245,0.1
433538,-214696,0.01,18.24049265,0.1
433538,-208196,0.01,24.1181042,0.1
433538,-201696,0.01,30.13823053,0.1
433538,-195196,0.01,33.07747737,0.1
433538,-188696,0.01,22.31853026,0.1
433538,-182196,0.01,9.861775989,0.1
433538,-175696,0.01,4.296171867,0.1
433538,-169196,0.01,1.30426137,0.1
433538,-162696,0.01,1.64944464,0.1
433538,-156196,0.01,1.889668882,0.1
433538,-149696,0.01,8.513739055,0.1
433538,-143196,0.01,43.55484818,0.1
433538,-136696,0.01,88.83301339,0.1
433538,-130196,0.01,125.5184909,0.1
433538,-123696,0.01,142.7086254,0.1
433538,-117196,0.01,145.5679797,0.1
440038,-331696,0.01,-6.501341721,0.1
440038,-325196,0.01,-10.86187101,0.1
440038,-318696,0.01,-13.82812639,0.1
440038,-312196,0.01,-15.5512439,0.1
440038,-305696,0.01,-15.32209562,0.1
440038,-299196,0.01,-12.64261634,0.1
440038,-292696,0.01,-11.17372283,0.1
440038,-286196,0.01,-9.183205031,0.1
440038,-279696,0.01,-9.44981878,0.1
440038,-273196,0.01,-10.98652837,0.1
440038,-266696,0.01,-9.533373417,0.1
440038,-260196,0.01,-5.845380667,0.1
440038,-253696,0.01,0.005934935,0.1
440038,-247196,0.01,5.74987853,0.1
440038,-240696,0.01,8.350641209,0.1
440038,-234196,0.01,7.866791369,0.1
440038,-227696,0.01,6.745970259,0.1
440038,-221196,0.01,8.288076996,0.1
440038,-214696,0.01,13.48240899,0.1
440038,-208196,0.01,20.36170497,0.1
440038,-201696,0.01,25.82614689,0.1
440038,-195196,0.01,25.90154222,0.1
440038,-188696,0.01,14.35270738,0.1
440038,-182196,0.01,2.42143723,0.1
440038,-175696,0.01,-3.63607158,0.1
440038,-169196,0.01,-9.228330789,0.1
440038,-162696,0.01,-14.27075204,0.1
440038,-156196,0.01,-14.73585037,0.1
440038,-149696,0.01,1.718009698,0.1
440038,-143196,0.01,50.22919414,0.1
440038,-136696,0.01,109.7488429,0.1
440038,-130196,0.01,151.1548395,0.1
440038,-123696,0.01,160.9790279,0.1
440038,-117196,0.01,152.1486974,0.1
446538,-331696,0.01,-2.136980869,0.1
446538,-325196,0.01,-7.705329062,0.1
446538,-318696,0.01,-11.88894078,0.1
446538,-312196,0.01,-14.6521957,0.1
446538,-305696,0.01,-13.96791188,0.1
446538,-299196,0.01,-10.42492189,0.1
446538,-292696,0.01,-6.931179847,0.1
446538,-286196,0.01,-3.690995703,0.1
446538,-279696,0.01,-4.054477011,0.1
446538,-273196,0.01,-6.517282692,0.1
446538,-266696,0.01,-6.905884239,0.1
446538,-260196,0.01,-4.300102646,0.1
446538,-253696,0.01,2.233203812,0.1
446538,-247196,0.01,10.22518907,0.1
446538,-240696,0.01,12.45941063,0.1
446538,-234196,0.01,8.978119629,0.1
446538,-227696,0.01,3.969735323,0.1
446538,-221196,0.01,2.339306278,0.1
446538,-214696,0.01,6.920950457,0.1
446538,-208196,0.01,14.17075248,0.1
446538,-201696,0.01,18.43152369,0.1
446538,-195196,0.01,14.588915,0.1
446538,-188696,0.01,4.375607632,0.1
446538,-182196,0.01,-4.081359811,0.1
446538,-175696,0.01,-10.10215068,0.1
446538,-169196,0.01,-19.86912521,0.1
446538,-162696,0.01,-31.12622273,0.1
446538,-156196,0.01,-36.3465316,0.1
446538,-149696,0.01,-13.38559071,0.1
446538,-143196,0.01,51.31082156,0.1
446538,-136696,0.01,135.1309232,0.1
446538,-130196,0.01,186.6663379,0.1
446538,-123696,0.01,185.6144903,0.1
446538,-117196,0.01,159.4922006,0.1
453038,-331696,0.01,2.142575762,0.1
453038,-325196,0.01,-4.183856909,0.1
453038,-318696,0.01,-9.208964295,0.1
453038,-312196,0.01,-12.61800385,0.1
453038,-305696,0.01,-12.02794612,0.1
453038,-299196,0.01,-7.701500887,0.1
453038,-292696,0.01,-2.613243725,0.1
453038,-286196,0.01,2.409436114,0.1
453038,-279696,0.01,3.216605827,0.1
453038,-273196,0.01,1.173886599,0.1
453038,-266696,0.01,-1.329570279,0.1
453038,-260196,0.01,0.690957684,0.1
453038,-253696,0.01,8.062201526,0.1
453038,-247196,0.01,16.64743929,0.1
453038,-240696,0.01,17.71856223,0.1
453038,-234196,0.01,11.383902,0.1
453038,-227696,0.01,2.888784728,0.1
453038,-221196,0.01,-2.395187846,0.1
453038,-214696,0.01,-0.950863473,0.1
453038,-208196,0.01,5.628333225,0.1
453038,-201696,0.01,9.593845765,0.1
453038,-195196,0.01,3.848256977,0.1
453038,-188696,0.01,-5.283034322,0.1
453038,-182196,0.01,-11.33826323,0.1
453038,-175696,0.01,-15.13368297,0.1
453038,-169196,0.01,-25.55192004,0.1
453038,-162696,0.01,-38.83922697,0.1
453038,-156196,0.01,-50.70345566,0.1
453038,-149696,0.01,-29.94875406,0.1
453038,-143196,0.01,44.43509751,0.1
453038,-136696,0.01,152.8240036,0.1
453038,-130196,0.01,217.8541561,0.1
453038,-123696,0.01,205.7558879,0.1
453038,-117196,0.01,165.5798048,0.1
459538,-331696,0.01,5.006446502,0.1
459538,-325196,0.01,-1.60571604,0.1
459538,-318696,0.01,-6.828041921,0.1
459538,-312196,0.01,-10.10928133,0.1
459538,-305696,0.01,-9.093377204,0.1
459538,-299196,0.01,-4.320009742,0.1
459538,-292696,0.01,1.463929346,0.1
459538,-286196,0.01,7.985531496,0.1
459538,-279696,0.01,10.51880554,0.1
459538,-273196,0.01,10.17238026,0.1
459538,-266696,0.01,9.494932963,0.1
459538,-260196,0.01,11.72825345,0.1
459538,-253696,0.01,17.84403428,0.1
459538,-247196,0.01,22.70618792,0.1
459538,-240696,0.01,20.54156688,0.1
459538,-234196,0.01,13.99956012,0.1
459538,-227696,0.01,4.442327368,0.1
459538,-221196,0.01,-2.937247898,0.1
459538,-214696,0.01,-5.145160228,0.1
459538,-208196,0.01,-2.168240985,0.1
459538,-201696,0.01,-0.809737071,0.1
459538,-195196,0.01,-6.881830057,0.1
459538,-188696,0.01,-13.9545964,0.1
459538,-182196,0.01,-19.14954317,0.1
459538,-175696,0.01,-22.98374286,0.1
459538,-169196,0.01,-31.1352454,0.1
459538,-162696,0.01,-41.47558907,0.1
459538,-156196,0.01,-47.41961249,0.1
459538,-149696,0.01,-21.45005751,0.1
459538,-143196,0.01,53.19922989,0.1
459538,-136696,0.01,154.2502969,0.1
459538,-130196,0.01,214.1789422,0.1
459538,-123696,0.01,205.1313736,0.1
459538,-117196,0.01,165.9518869,0.1
466038,-331696,0.01,6.292119434,0.1
466038,-325196,0.01,-0.382777475,0.1
466038,-318696,0.01,-5.624478821,0.1
466038,-312196,0.01,-8.025040661,0.1
466038,-305696,0.01,-6.323326461,0.1
466038,-299196,0.01,-1.438447362,0.1
466038,-292696,0.01,4.801338111,0.1
466038,-286196,0.01,12.79443397,0.1
466038,-279696,0.01,18.10848003,0.1
466038,-273196,0.01,21.04551697,0.1
466038,-266696,0.01,22.76659323,0.1
466038,-260196,0.01,25.97848298,0.1
466038,-253696,0.01,29.92466772,0.1
466038,-247196,0.01,30.8676591,0.1
466038,-240696,0.01,25.10708147,0.1
466038,-234196,0.01,19.60499381,0.1
466038,-227696,0.01,9.993277085,0.1
466038,-221196,0.01,-0.58606377,0.1
466038,-214696,0.01,-7.003956872,0.1
466038,-208196,0.01,-8.890462395,0.1
466038,-201696,0.01,-10.99086074,0.1
466038,-195196,0.01,-15.66285507,0.1
466038,-188696,0.01,-21.93131747,0.1
466038,-182196,0.01,-28.85865244,0.1
466038,-175696,0.01,-32.3582007,0.1
466038,-169196,0.01,-35.54375813,0.1
466038,-162696,0.01,-38.7065337,0.1
466038,-156196,0.01,-30.92937039,0.1
466038,-149696,0.01,3.695302519,0.1
466038,-143196,0.01,71.15738547,0.1
466038,-136696,0.01,145.582881,0.1
466038,-130196,0.01,190.3438242,0.1
466038,-123696,0.01,190.1216798,0.1
466038,-117196,0.01,162.6798988,0.1
472538,-331696,0.01,6.079357799,0.1
472538,-325196,0.01,-0.986732039,0.1
472538,-318696,0.01,-5.959298157,0.1
472538,-312196,0.01,-7.255433736,0.1
472538,-305696,0.01,-5.326866054,0.1
472538,-299196,0.01,0.094583978,0.1
472538,-292696,0.01,7.129215885,0.1
472538,-286196,0.01,17.39281112,0.1
472538,-279696,0.01,26.12175664,0.1
472538,-273196,0.01,31.81598901,0.1
472538,-266696,0.01,36.81504666,0.1
472538,-260196,0.01,41.22133441,0.1
472538,-253696,0.01,42.7706844,0.1
472538,-247196,0.01,42.65426958,0.1
472538,-240696,0.01,39.38543896,0.1
472538,-234196,0.01,30.82404763,0.1
472538,-227696,0.01,18.89148911,0.1
472538,-221196,0.01,3.269662685,0.1
472538,-214696,0.01,-8.741640796,0.1
472538,-208196,0.01,-16.1283819,0.1
472538,-201696,0.01,-21.05115352,0.1
472538,-195196,0.01,-24.03590883,0.1
472538,-188696,0.01,-28.87617825,0.1
472538,-182196,0.01,-34.96404742,0.1
472538,-175696,0.01,-38.77565994,0.1
472538,-169196,0.01,-35.85914479,0.1
472538,-162696,0.01,-28.79543731,0.1
472538,-156196,0.01,-12.86138424,0.1
472538,-149696,0.01,21.45009771,0.1
472538,-143196,0.01,79.38433464,0.1
472538,-136696,0.01,134.7034422,0.1
472538,-130196,0.01,170.608728,0.1
472538,-123696,0.01,176.0258375,0.1
472538,-117196,0.01,161.7553476,0.1
479038,-331696,0.01,4.596698852,0.1
479038,-325196,0.01,-2.984008357,0.1
479038,-318696,0.01,-7.463943573,0.1
479038,-312196,0.01,-8.29801739,0.1
479038,-305696,0.01,-6.364494191,0.1
479038,-299196,0.01,-0.892715313,0.1
479038,-292696,0.01,8.08422713,0.1
479038,-286196,0.01,21.06732309,0.1
479038,-279696,0.01,32.99111852,0.1
479038,-273196,0.01,42.85924964,0.1
479038,-266696,0.01,51.35891769,0.1
479038,-260196,0.01,56.35272576,0.1
479038,-253696,0.01,58.55530377,0.1
479038,-247196,0.01,60.85928072,0.1
479038,-240696,0.01,58.17443675,0.1
479038,-234196,0.01,47.09394036,0.1
479038,-227696,0.01,30.40615262,0.1
479038,-221196,0.01,8.949557184,0.1
479038,-214696,0.01,-9.637312684,0.1
479038,-208196,0.01,-21.26232297,0.1
479038,-201696,0.01,-27.69484108,0.1
479038,-195196,0.01,-31.14494779,0.1
479038,-188696,0.01,-36.69600341,0.1
479038,-182196,0.01,-39.60464872,0.1
479038,-175696,0.01,-39.88094634,0.1
479038,-169196,0.01,-33.7553929,0.1
479038,-162696,0.01,-21.2133002,0.1
479038,-156196,0.01,-3.89433345,0.1
479038,-149696,0.01,29.19725671,0.1
479038,-143196,0.01,80.79895403,0.1
479038,-136696,0.01,129.6439374,0.1
479038,-130196,0.01,160.1257862,0.1
479038,-123696,0.01,169.2751528,0.1
479038,-117196,0.01,162.0610397,0.1
485538,-331696,0.01,1.89157007,0.1
485538,-325196,0.01,-5.980076804,0.1
485538,-318696,0.01,-10.07467147,0.1
485538,-312196,0.01,-11.04632767,0.1
485538,-305696,0.01,-9.66855696,0.1
485538,-299196,0.01,-4.062037056,0.1
485538,-292696,0.01,6.725395065,0.1
485538,-286196,0.01,21.8741565,0.1
485538,-279696,0.01,38.15581688,0.1
485538,-273196,0.01,54.09011502,0.1
485538,-266696,0.01,66.50233151,0.1
485538,-260196,0.01,71.80713952,0.1
485538,-253696,0.01,78.57238251,0.1
485538,-247196,0.01,83.21164845,0.1
485538,-240696,0.01,79.37952837,0.1
485538,-234196,0.01,66.67591164,0.1
485538,-227696,0.01,45.0092177,0.1
485538,-221196,0.01,16.74092826,0.1
485538,-214696,0.01,-7.490668954,0.1
485538,-208196,0.01,-22.9528359,0.1
485538,-201696,0.01,-32.07431025,0.1
485538,-195196,0.01,-39.04261534,0.1
485538,-188696,0.01,-44.35523052,0.1
485538,-182196,0.01,-44.48544998,0.1
485538,-175696,0.01,-38.49495005,0.1
485538,-169196,0.01,-30.76454152,0.1
485538,-162696,0.01,-18.13480077,0.1
485538,-156196,0.01,-2.342820378,0.1
485538,-149696,0.01,28.10193782,0.1
485538,-143196,0.01,81.89248832,0.1
485538,-136696,0.01,132.8437353,0.1
485538,-130196,0.01,161.6148366,0.1
485538,-123696,0.01,169.9828303,0.1
485538,-117196,0.01,163.5356062,0.1
492038,-331696,0.01,-0.264790029,0.1
492038,-325196,0.01,-8.341613501,0.1
492038,-318696,0.01,-12.41750052,0.1
492038,-312196,0.01,-14.66742018,0.1
492038,-305696,0.01,-14.58483404,0.1
492038,-299196,0.01,-9.865156129,0.1
492038,-292696,0.01,0.148871376,0.1
492038,-286196,0.01,18.89661977,0.1
492038,-279696,0.01,43.44196648,0.1
492038,-273196,0.01,66.28017953,0.1
492038,-266696,0.01,80.4766744,0.1
492038,-260196,0.01,88.87547439,0.1
492038,-253696,0.01,98.98205525,0.1
492038,-247196,0.01,104.7024369,0.1
492038,-240696,0.01,102.5970621,0.1
492038,-234196,0.01,89.48076552,0.1
492038,-227696,0.01,63.93294885,0.1
492038,-221196,0.01,28.5129205,0.1
492038,-214696,0.01,-0.678720692,0.1
492038,-208196,0.01,-21.98202269,0.1
492038,-201696,0.01,-36.6675374,0.1
492038,-195196,0.01,-48.64935275,0.1
492038,-188696,0.01,-52.29204928,0.1
492038,-182196,0.01,-47.12242544,0.1
492038,-175696,0.01,-40.05064972,0.1
492038,-169196,0.01,-30.93718842,0.1
492038,-162696,0.01,-17.87783438,0.1
492038,-156196,0.01,-6.135560626,0.1
492038,-149696,0.01,22.24566342,0.1
492038,-143196,0.01,86.80386498,0.1
492038,-136696,0.01,145.8324659,0.1
492038,-130196,0.01,171.4223653,0.1
492038,-123696,0.01,173.2976235,0.1
492038,-117196,0.01,162.1826438,0.1
